motif_ID	motif_ALT_ID	motif_P-value	seq_ID	seq_Score	seq_Class	is_holdout?
1-CCAGCCTGGGCRAC	STREME-1	1.1e-002	CRYL1|chr13:20471547-20471606|III	26.29	tp	0
1-CCAGCCTGGGCRAC	STREME-1	1.1e-002	CDKL4|chr2:39220864-39223134|III	26.29	tp	0
1-CCAGCCTGGGCRAC	STREME-1	1.1e-002	ACOT9|chrX:23708985-23710731|III	26.29	tp	0
1-CCAGCCTGGGCRAC	STREME-1	1.1e-002	ENSG00000287092|chr6:156288401-156288455|III	26.29	tp	0
1-CCAGCCTGGGCRAC	STREME-1	1.1e-002	CNTNAP2|chr7:148268128-148271863|III	26.29	tp	0
1-CCAGCCTGGGCRAC	STREME-1	1.1e-002	CTCF-DT;ENSG00000280214|chr16:67549808-67551758|III	26.29	tp	0
1-CCAGCCTGGGCRAC	STREME-1	1.1e-002	GABRB1|chr4:47376488-47376730|III	26.29	tp	0
1-CCAGCCTGGGCRAC	STREME-1	1.1e-002	TANGO6|chr16:69036699-69036803|III	24.45	tp	0
1-CCAGCCTGGGCRAC	STREME-1	1.1e-002	MLLT10|chr10:21663299-21664670|III	24.45	tp	0
1-CCAGCCTGGGCRAC	STREME-1	1.1e-002	ORC2|chr2:200913450-200914986|III	24.45	tp	0
1-CCAGCCTGGGCRAC	STREME-1	1.1e-002	hY1_RNA-related|chr10:112365294-112367027|III	24.45	tp	0
1-CCAGCCTGGGCRAC	STREME-1	1.1e-002	FAM185A;FBXL13;RNU6-1136P|chr7:102833607-102835474|III	24.45	tp	0
1-CCAGCCTGGGCRAC	STREME-1	1.1e-002	BAZ2B|chr2:159558293-159558327|III	24.45	tp	0
1-CCAGCCTGGGCRAC	STREME-1	1.1e-002	CLSTN2-AS1|chr3:140589207-140593197|III	24.45	tp	0
1-CCAGCCTGGGCRAC	STREME-1	1.1e-002	LINC00276|chr2:13980966-13982322|III	24.45	tp	0
1-CCAGCCTGGGCRAC	STREME-1	1.1e-002	LRMDA|chr10:76101967-76103416|III	24.45	tp	0
1-CCAGCCTGGGCRAC	STREME-1	1.1e-002	CABP1|chr12:120664793-120664857|III	24.45	tp	0
1-CCAGCCTGGGCRAC	STREME-1	1.1e-002	IRAK2|chr3:10207008-10209498|III	24.45	tp	0
1-CCAGCCTGGGCRAC	STREME-1	1.1e-002	NUBPL|chr14:31739573-31743073|III	24.20	tp	0
1-CCAGCCTGGGCRAC	STREME-1	1.1e-002	HPSE2|chr10:99167751-99169378|III	24.19	tp	0
1-CCAGCCTGGGCRAC	STREME-1	1.1e-002	ENSG00000256278;ZSCAN2;ZSCAN2-AS1|chr15:84611630-84611861|III	24.19	tp	0
1-CCAGCCTGGGCRAC	STREME-1	1.1e-002	RPF2|chr6:111026606-111028352|III	23.24	tp	0
1-CCAGCCTGGGCRAC	STREME-1	1.1e-002	RPS6KA2|chr6:166567903-166569235|III	23.16	tp	0
1-CCAGCCTGGGCRAC	STREME-1	1.1e-002	SHANK1|chr19:50672534-50675004|III	23.16	tp	0
1-CCAGCCTGGGCRAC	STREME-1	1.1e-002	U6|chr2:131096880-131096986|III	23.16	tp	0
1-CCAGCCTGGGCRAC	STREME-1	1.1e-002	MEGF11|chr15:65916830-65920345|III	23.16	tp	0
1-CCAGCCTGGGCRAC	STREME-1	1.1e-002	ENSG00000309133|chr13:90198309-90204193|III	23.16	tp	0
1-CCAGCCTGGGCRAC	STREME-1	1.1e-002	UBAP2|chr9:34041252-34042784|III	23.16	tp	0
1-CCAGCCTGGGCRAC	STREME-1	1.1e-002	U6-related|chr7:135226925-135229472|III	23.16	tp	1
1-CCAGCCTGGGCRAC	STREME-1	1.1e-002	ITPR2|chr12:26517519-26517735|III	23.16	tp	1
1-CCAGCCTGGGCRAC	STREME-1	1.1e-002	NCKAP5|chr2:132882977-132883074|III	22.81	tp	0
1-CCAGCCTGGGCRAC	STREME-1	1.1e-002	LINC00536|chr8:116216027-116216145|III	22.56	tp	0
1-CCAGCCTGGGCRAC	STREME-1	1.1e-002	ENSG00000240687|chr2:9664782-9666641|III	22.16	tp	0
1-CCAGCCTGGGCRAC	STREME-1	1.1e-002	7SK|chr1:161376350-161376530|III	21.87	tp	0
1-CCAGCCTGGGCRAC	STREME-1	1.1e-002	ULK4|chr3:41700788-41702332|III	21.48	tp	0
1-CCAGCCTGGGCRAC	STREME-1	1.1e-002	ENSG00000291036|chr6:52967355-52970266|III	21.48	tp	0
1-CCAGCCTGGGCRAC	STREME-1	1.1e-002	CTSL3P|chr9:87780062-87780098|III	21.48	tp	0
1-CCAGCCTGGGCRAC	STREME-1	1.1e-002	DGKI;RPL6P19|chr7:137722213-137723885|III	21.48	tp	0
1-CCAGCCTGGGCRAC	STREME-1	1.1e-002	U6-related|chr8:30036232-30037848|III	21.48	tp	1
1-CCAGCCTGGGCRAC	STREME-1	1.1e-002	ENSG00000281938;MEIKIN|chr5:131810299-131812153|III	21.44	tp	0
1-CCAGCCTGGGCRAC	STREME-1	1.1e-002	ENSG00000300479;LINC02245|chr2:64946937-64949131|III	21.40	tp	0
1-CCAGCCTGGGCRAC	STREME-1	1.1e-002	ENSG00000293401|chr2:112478371-112478578|III	21.40	tp	0
1-CCAGCCTGGGCRAC	STREME-1	1.1e-002	PPP2R5C|chr14:101921257-101921307|III	21.23	tp	0
1-CCAGCCTGGGCRAC	STREME-1	1.1e-002	HSPA14;MSANTD7|chr10:14845734-14845852|III	21.07	tp	0
1-CCAGCCTGGGCRAC	STREME-1	1.1e-002	ERICH6-AS1|chr3:150726107-150726203|III	20.10	tp	1
1-CCAGCCTGGGCRAC	STREME-1	1.1e-002	LINC00862|chr1:200299810-200301692|III	20.10	tp	1
1-CCAGCCTGGGCRAC	STREME-1	1.1e-002	NUCB2|chr11:17293097-17293237|III	20.07	tp	0
1-CCAGCCTGGGCRAC	STREME-1	1.1e-002	hY3_RNA-related|chrX:40251855-40253082|III	20.01	tp	0
1-CCAGCCTGGGCRAC	STREME-1	1.1e-002	DMD|chrX:31276225-31276300|III	19.80	tp	0
1-CCAGCCTGGGCRAC	STREME-1	1.1e-002	EVL|chr14:100023634-100023843|III	19.51	tp	0
1-CCAGCCTGGGCRAC	STREME-1	1.1e-002	U6|chrX:140039880-140039987|III	19.39	tp	0
1-CCAGCCTGGGCRAC	STREME-1	1.1e-002	ENSG00000298897|chr9:42368936-42369042|III	19.38	tp	0
1-CCAGCCTGGGCRAC	STREME-1	1.1e-002	U6|chrX:24052231-24052356|III	19.31	tp	0
1-CCAGCCTGGGCRAC	STREME-1	1.1e-002	SEL1L2|chr20:13854071-13856065|III	19.13	tp	0
1-CCAGCCTGGGCRAC	STREME-1	1.1e-002	NMNAT2|chr1:183334183-183334319|III	18.81	tp	0
1-CCAGCCTGGGCRAC	STREME-1	1.1e-002	7SK|chr20:37281005-37281164|III	18.75	tp	0
1-CCAGCCTGGGCRAC	STREME-1	1.1e-002	ENSG00000288109|chr17:67760318-67760487|III	17.65	tp	0
1-CCAGCCTGGGCRAC	STREME-1	1.1e-002	PSMD7-DT|chr16:74130310-74130465|III	17.58	tp	0
1-CCAGCCTGGGCRAC	STREME-1	1.1e-002	ENSG00000248752|chr5:126083713-126085145|III	17.39	tp	0
1-CCAGCCTGGGCRAC	STREME-1	1.1e-002	KIAA0319|chr6:24593599-24593655|III	17.39	tp	1
1-CCAGCCTGGGCRAC	STREME-1	1.1e-002	TAOK3|chr12:118252015-118252051|III	17.39	tp	1
1-CCAGCCTGGGCRAC	STREME-1	1.1e-002	U6|chrX:100775367-100775933|III	17.35	tp	0
1-CCAGCCTGGGCRAC	STREME-1	1.1e-002	ENSG00000295844|chr20:51951746-51951882|III	16.83	tp	0
1-CCAGCCTGGGCRAC	STREME-1	1.1e-002	PLXNC1|chr12:94252999-94253027|III	16.82	tp	0
1-CCAGCCTGGGCRAC	STREME-1	1.1e-002	CNTNAP2|chr7:148289268-148293891|III	16.76	tp	0
1-CCAGCCTGGGCRAC	STREME-1	1.1e-002	NRROS;PIGX|chr3:196660992-196662421|III	16.58	tp	0
1-CCAGCCTGGGCRAC	STREME-1	1.1e-002	7SK|chr3:129164219-129164390|III	16.45	tp	0
1-CCAGCCTGGGCRAC	STREME-1	1.1e-002	RGS2-AS1|chr1:192892657-192894441|III	16.37	tp	0
1-CCAGCCTGGGCRAC	STREME-1	1.1e-002	ENSG00000288560|chr6:113081892-113082057|III	16.31	tp	0
1-CCAGCCTGGGCRAC	STREME-1	1.1e-002	SMG1-DT|chr16:18928387-18928425|III	16.26	tp	0
1-CCAGCCTGGGCRAC	STREME-1	1.1e-002	HY3|chr1:52103892-52103968|III	16.21	tp	1
1-CCAGCCTGGGCRAC	STREME-1	1.1e-002	SESTD1|chr2:179196325-179196455|III	15.63	tp	0
1-CCAGCCTGGGCRAC	STREME-1	1.1e-002	E2F3|chr6:20489261-20489466|III	15.60	tp	0
1-CCAGCCTGGGCRAC	STREME-1	1.1e-002	7SK|chr10:36862366-36862592|III	15.26	tp	0
1-CCAGCCTGGGCRAC	STREME-1	1.1e-002	ADGRV1|chr5:91050476-91050684|III	15.21	tp	0
1-CCAGCCTGGGCRAC	STREME-1	1.1e-002	LINC00862|chr1:200310611-200314056|III	14.99	tp	0
1-CCAGCCTGGGCRAC	STREME-1	1.1e-002	7SK|chr1:81046786-81047021|III	14.88	tp	0
1-CCAGCCTGGGCRAC	STREME-1	1.1e-002	HY1|chr12:94535596-94535690|III	14.59	tp	0
1-CCAGCCTGGGCRAC	STREME-1	1.1e-002	RPS18|chr6:33275355-33275447|III	13.54	tp	1
1-CCAGCCTGGGCRAC	STREME-1	1.1e-002	ENSG00000301690;LINC02455|chr12:714602-714665|III	13.47	tp	0
1-CCAGCCTGGGCRAC	STREME-1	1.1e-002	SLC38A9|chr5:55629148-55629273|III	12.75	tp	0
1-CCAGCCTGGGCRAC	STREME-1	1.1e-002	TBC1D22B|chr6:37330122-37330293|III	12.20	tp	0
#
2-CCTCAGCCTCCCRA	STREME-2	1.3e-002	UBAP2|chr9:34041252-34042784|III	27.67	tp	0
2-CCTCAGCCTCCCRA	STREME-2	1.3e-002	RPF2|chr6:111026606-111028352|III	26.46	tp	0
2-CCTCAGCCTCCCRA	STREME-2	1.3e-002	HPSE2|chr10:99167751-99169378|III	26.46	tp	0
2-CCTCAGCCTCCCRA	STREME-2	1.3e-002	MLLT10|chr10:21663299-21664670|III	26.46	tp	0
2-CCTCAGCCTCCCRA	STREME-2	1.3e-002	ORC2|chr2:200913450-200914986|III	26.46	tp	0
2-CCTCAGCCTCCCRA	STREME-2	1.3e-002	ENSG00000243953|chr3:154930672-154930770|III	26.46	tp	0
2-CCTCAGCCTCCCRA	STREME-2	1.3e-002	7SK|chr1:161376350-161376530|III	26.46	tp	0
2-CCTCAGCCTCCCRA	STREME-2	1.3e-002	ABL1|chr9:130845413-130845477|III	26.46	tp	0
2-CCTCAGCCTCCCRA	STREME-2	1.3e-002	CLSTN2-AS1|chr3:140589207-140593197|III	26.46	tp	0
2-CCTCAGCCTCCCRA	STREME-2	1.3e-002	ENSG00000293401|chr2:112478371-112478578|III	26.46	tp	0
2-CCTCAGCCTCCCRA	STREME-2	1.3e-002	NUCB2|chr11:17293097-17293237|III	26.46	tp	0
2-CCTCAGCCTCCCRA	STREME-2	1.3e-002	U6|chrX:24052231-24052356|III	26.46	tp	0
2-CCTCAGCCTCCCRA	STREME-2	1.3e-002	IRAK2|chr3:10207008-10209498|III	26.46	tp	0
2-CCTCAGCCTCCCRA	STREME-2	1.3e-002	ENSG00000248752|chr5:126083713-126085145|III	26.46	tp	0
2-CCTCAGCCTCCCRA	STREME-2	1.3e-002	ENSG00000300479;LINC02245|chr2:64946937-64949131|III	26.46	tp	0
2-CCTCAGCCTCCCRA	STREME-2	1.3e-002	NUBPL|chr14:31739573-31743073|III	26.46	tp	0
2-CCTCAGCCTCCCRA	STREME-2	1.3e-002	RFLNA|chr12:124121949-124122038|III	26.46	tp	0
2-CCTCAGCCTCCCRA	STREME-2	1.3e-002	PPP2R5E|chr14:63384732-63384833|III	26.46	tp	0
2-CCTCAGCCTCCCRA	STREME-2	1.3e-002	CTCF-DT;ENSG00000280214|chr16:67549808-67551758|III	26.46	tp	0
2-CCTCAGCCTCCCRA	STREME-2	1.3e-002	hY1_RNA-related|chr10:112365294-112367027|III	24.41	tp	0
2-CCTCAGCCTCCCRA	STREME-2	1.3e-002	ENSG00000288109|chr17:67760318-67760487|III	24.41	tp	0
2-CCTCAGCCTCCCRA	STREME-2	1.3e-002	7SK|chr13:19918711-19918783|III	24.41	tp	0
2-CCTCAGCCTCCCRA	STREME-2	1.3e-002	HSPA14;MSANTD7|chr10:14845734-14845852|III	24.41	tp	0
2-CCTCAGCCTCCCRA	STREME-2	1.3e-002	DENND6A|chr3:57660428-57660473|III	24.41	tp	0
2-CCTCAGCCTCCCRA	STREME-2	1.3e-002	ENSG00000240687|chr2:9664782-9666641|III	24.41	tp	0
2-CCTCAGCCTCCCRA	STREME-2	1.3e-002	CDKL4|chr2:39220864-39223134|III	24.41	tp	0
2-CCTCAGCCTCCCRA	STREME-2	1.3e-002	ENSG00000300414;ITGB3BP|chr1:63576217-63576259|III	24.41	tp	0
2-CCTCAGCCTCCCRA	STREME-2	1.3e-002	ENSG00000309133|chr13:90198309-90204193|III	24.41	tp	0
2-CCTCAGCCTCCCRA	STREME-2	1.3e-002	ACOT9|chrX:23708985-23710731|III	24.41	tp	0
2-CCTCAGCCTCCCRA	STREME-2	1.3e-002	ENSG00000281938;MEIKIN|chr5:131810299-131812153|III	24.41	tp	0
2-CCTCAGCCTCCCRA	STREME-2	1.3e-002	U6-related|chr7:135226925-135229472|III	24.41	tp	1
2-CCTCAGCCTCCCRA	STREME-2	1.3e-002	EVL|chr14:100023634-100023843|III	23.20	tp	0
2-CCTCAGCCTCCCRA	STREME-2	1.3e-002	ENSG00000286598|chr15:23405023-23405102|III	23.20	tp	0
2-CCTCAGCCTCCCRA	STREME-2	1.3e-002	NRROS;PIGX|chr3:196660992-196662421|III	23.20	tp	0
2-CCTCAGCCTCCCRA	STREME-2	1.3e-002	U6|chr13:20924208-20924257|III	23.20	tp	0
2-CCTCAGCCTCCCRA	STREME-2	1.3e-002	LINC00276|chr2:13980966-13982322|III	23.20	tp	0
2-CCTCAGCCTCCCRA	STREME-2	1.3e-002	GALNT16|chr14:69301560-69301605|III	23.20	tp	0
2-CCTCAGCCTCCCRA	STREME-2	1.3e-002	BTBD9|chr6:38221857-38221968|III	23.20	tp	0
2-CCTCAGCCTCCCRA	STREME-2	1.3e-002	ENSG00000300414;ITGB3BP|chr1:63576573-63576629|III	23.20	tp	0
2-CCTCAGCCTCCCRA	STREME-2	1.3e-002	LINC00862|chr1:200310611-200314056|III	23.20	tp	0
2-CCTCAGCCTCCCRA	STREME-2	1.3e-002	CNTNAP2|chr7:148268128-148271863|III	23.20	tp	0
2-CCTCAGCCTCCCRA	STREME-2	1.3e-002	ADGRV1|chr5:91050476-91050684|III	23.20	tp	0
2-CCTCAGCCTCCCRA	STREME-2	1.3e-002	U6|chrX:35522251-35522311|III	22.66	tp	0
2-CCTCAGCCTCCCRA	STREME-2	1.3e-002	SHANK1|chr19:50672534-50675004|III	21.83	tp	0
2-CCTCAGCCTCCCRA	STREME-2	1.3e-002	CABP1|chr12:120664793-120664857|III	21.83	tp	0
2-CCTCAGCCTCCCRA	STREME-2	1.3e-002	hY3_RNA-related|chrX:40251855-40253082|III	21.83	tp	0
2-CCTCAGCCTCCCRA	STREME-2	1.3e-002	7SK|chr20:37281005-37281164|III	21.66	tp	0
2-CCTCAGCCTCCCRA	STREME-2	1.3e-002	ENSG00000304694|chr3:125609227-125609315|III	21.46	tp	0
2-CCTCAGCCTCCCRA	STREME-2	1.3e-002	U6|chrX:140039880-140039987|III	21.46	tp	0
2-CCTCAGCCTCCCRA	STREME-2	1.3e-002	TREH|chr11:118665484-118665597|III	21.46	tp	0
2-CCTCAGCCTCCCRA	STREME-2	1.3e-002	ENSG00000285693;ENSG00000293817|chr11:72807868-72807955|III	21.46	tp	0
2-CCTCAGCCTCCCRA	STREME-2	1.3e-002	ENSG00000256278;ZSCAN2;ZSCAN2-AS1|chr15:84611630-84611861|III	21.46	tp	0
2-CCTCAGCCTCCCRA	STREME-2	1.3e-002	ENSG00000295844|chr20:51951746-51951882|III	21.46	tp	0
2-CCTCAGCCTCCCRA	STREME-2	1.3e-002	ASRGL1;ENSG00000307347|chr11:62360121-62360178|III	21.46	tp	0
2-CCTCAGCCTCCCRA	STREME-2	1.3e-002	ENSG00000257943;ENSG00000289510;ENSG00000293398|chr12:95389784-95391255|III	21.46	tp	0
2-CCTCAGCCTCCCRA	STREME-2	1.3e-002	DGKI;RPL6P19|chr7:137722213-137723885|III	21.46	tp	0
2-CCTCAGCCTCCCRA	STREME-2	1.3e-002	U6|chr6:76410519-76410613|III	21.46	tp	1
2-CCTCAGCCTCCCRA	STREME-2	1.3e-002	U6-related|chr8:30036232-30037848|III	21.46	tp	1
2-CCTCAGCCTCCCRA	STREME-2	1.3e-002	RASGEF1A|chr10:43258290-43258343|III	21.46	tp	1
2-CCTCAGCCTCCCRA	STREME-2	1.3e-002	ENSG00000247228;PDPR|chr16:70154873-70154932|III	21.44	tp	0
2-CCTCAGCCTCCCRA	STREME-2	1.3e-002	FBXO11|chr2:47862021-47862108|III	21.03	tp	0
2-CCTCAGCCTCCCRA	STREME-2	1.3e-002	ENSG00000288692|chr4:111132929-111133036|III	20.94	tp	0
2-CCTCAGCCTCCCRA	STREME-2	1.3e-002	FRMD5|chr15:44000501-44000630|III	19.18	tp	0
2-CCTCAGCCTCCCRA	STREME-2	1.3e-002	CNTNAP2|chr7:148289268-148293891|III	19.06	tp	0
2-CCTCAGCCTCCCRA	STREME-2	1.3e-002	ENSG00000291036|chr6:52967355-52970266|III	18.85	tp	0
2-CCTCAGCCTCCCRA	STREME-2	1.3e-002	TANGO6|chr16:69036699-69036803|III	18.41	tp	0
2-CCTCAGCCTCCCRA	STREME-2	1.3e-002	LINC02710|chr11:46210572-46212187|III	18.05	tp	0
2-CCTCAGCCTCCCRA	STREME-2	1.3e-002	CFAP36|chr2:55537120-55537158|III	18.05	tp	1
2-CCTCAGCCTCCCRA	STREME-2	1.3e-002	SEL1L2|chr20:13854071-13856065|III	17.94	tp	0
2-CCTCAGCCTCCCRA	STREME-2	1.3e-002	MEGF11|chr15:65916830-65920345|III	17.94	tp	0
2-CCTCAGCCTCCCRA	STREME-2	1.3e-002	ITPR2|chr12:26517519-26517735|III	17.94	tp	1
2-CCTCAGCCTCCCRA	STREME-2	1.3e-002	RPS6KA2|chr6:166567903-166569235|III	17.81	tp	0
2-CCTCAGCCTCCCRA	STREME-2	1.3e-002	U6atac|chr3:36984686-36984811|III	17.66	tp	0
2-CCTCAGCCTCCCRA	STREME-2	1.3e-002	CD72;ENSG00000227933|chr9:35646655-35648861|III	17.60	tp	0
2-CCTCAGCCTCCCRA	STREME-2	1.3e-002	GABRB1|chr4:47376488-47376730|III	17.14	tp	0
2-CCTCAGCCTCCCRA	STREME-2	1.3e-002	ENSG00000301575|chr2:236645761-236647153|III	17.13	tp	0
2-CCTCAGCCTCCCRA	STREME-2	1.3e-002	MOSMO|chr16:22062420-22062450|III	17.00	tp	0
2-CCTCAGCCTCCCRA	STREME-2	1.3e-002	PSMD7-DT|chr16:74130310-74130465|III	16.86	tp	0
2-CCTCAGCCTCCCRA	STREME-2	1.3e-002	ENSG00000293401|chr2:112478371-112478578|III	16.36	fp	0
2-CCTCAGCCTCCCRA	STREME-2	1.3e-002	7SK|chr10:36862366-36862592|III	16.29	tp	0
2-CCTCAGCCTCCCRA	STREME-2	1.3e-002	7SK|chr3:129164219-129164390|III	16.07	tp	0
2-CCTCAGCCTCCCRA	STREME-2	1.3e-002	hY3_RNA|chr14:99119106-99119207|III	16.03	fp	1
2-CCTCAGCCTCCCRA	STREME-2	1.3e-002	ENSG00000286856|chr3:170913458-170913503|III	15.89	tp	0
2-CCTCAGCCTCCCRA	STREME-2	1.3e-002	TIAM1|chr21:31528989-31529019|III	15.89	tp	1
2-CCTCAGCCTCCCRA	STREME-2	1.3e-002	PKN2-AS1|chr1:88573150-88573250|III	15.68	tp	1
2-CCTCAGCCTCCCRA	STREME-2	1.3e-002	LINC00862|chr1:200299810-200301692|III	15.56	tp	1
2-CCTCAGCCTCCCRA	STREME-2	1.3e-002	ENSG00000254553|chr1:32524641-32524696|III	15.37	tp	0
2-CCTCAGCCTCCCRA	STREME-2	1.3e-002	LRMDA|chr10:76101967-76103416|III	15.25	tp	0
2-CCTCAGCCTCCCRA	STREME-2	1.3e-002	ENSG00000259275|chr15:96386702-96386798|III	14.97	tp	1
2-CCTCAGCCTCCCRA	STREME-2	1.3e-002	ULK4|chr3:41700788-41702332|III	14.88	tp	0
2-CCTCAGCCTCCCRA	STREME-2	1.3e-002	SENP3-EIF4A1|chr17:7572390-7572481|III	14.88	tp	0
2-CCTCAGCCTCCCRA	STREME-2	1.3e-002	7SK|chr6:73321598-73321719|III	14.64	tp	0
2-CCTCAGCCTCCCRA	STREME-2	1.3e-002	hY4_RNA-related|chr7:14008229-14010013|III	14.54	tp	0
2-CCTCAGCCTCCCRA	STREME-2	1.3e-002	CYP51A1-AS1;ENSG00000285772;ENSG00000285953;ENSG00000289027;LRRD1|chr7:92168957-92169064|III	14.54	tp	0
2-CCTCAGCCTCCCRA	STREME-2	1.3e-002	ENSG00000298294;RNF135|chr17:30996336-30996364|III	14.14	tp	0
2-CCTCAGCCTCCCRA	STREME-2	1.3e-002	ENSG00000257042|chr12:27930326-27932036|III	14.01	tp	0
2-CCTCAGCCTCCCRA	STREME-2	1.3e-002	TILAM|chr17:50203310-50203585|III	13.34	tp	1
2-CCTCAGCCTCCCRA	STREME-2	1.3e-002	RPS18|chr6:33275355-33275447|III	13.10	tp	1
2-CCTCAGCCTCCCRA	STREME-2	1.3e-002	SGO1-AS1|chr3:20346073-20348068|III	13.02	tp	0
2-CCTCAGCCTCCCRA	STREME-2	1.3e-002	PIBF1|chr13:72889533-72890953|III	12.73	tp	0
2-CCTCAGCCTCCCRA	STREME-2	1.3e-002	ENSG00000297507|chr19:6523969-6524068|III	12.52	tp	0
2-CCTCAGCCTCCCRA	STREME-2	1.3e-002	E2F3|chr6:20489261-20489466|III	12.40	tp	0
2-CCTCAGCCTCCCRA	STREME-2	1.3e-002	DUSP16|chr12:12562067-12562290|III	12.29	tp	0
2-CCTCAGCCTCCCRA	STREME-2	1.3e-002	KIF21A|chr12:39383618-39383722|III	11.69	tp	0
2-CCTCAGCCTCCCRA	STREME-2	1.3e-002	7SK|chrX:95273512-95273609|III	11.18	tp	0
#
3-CTGGGATTACA	STREME-3	4.8e-002	EVL|chr14:100023634-100023843|III	20.55	tp	0
3-CTGGGATTACA	STREME-3	4.8e-002	RPF2|chr6:111026606-111028352|III	20.55	tp	0
3-CTGGGATTACA	STREME-3	4.8e-002	HPSE2|chr10:99167751-99169378|III	20.55	tp	0
3-CTGGGATTACA	STREME-3	4.8e-002	MLLT10|chr10:21663299-21664670|III	20.55	tp	0
3-CTGGGATTACA	STREME-3	4.8e-002	ENSG00000247228;PDPR|chr16:70154873-70154932|III	20.55	tp	0
3-CTGGGATTACA	STREME-3	4.8e-002	ORC2|chr2:200913450-200914986|III	20.55	tp	0
3-CTGGGATTACA	STREME-3	4.8e-002	ENSG00000298294;RNF135|chr17:30996336-30996364|III	20.55	tp	0
3-CTGGGATTACA	STREME-3	4.8e-002	NMNAT2|chr1:183334183-183334319|III	20.55	tp	0
3-CTGGGATTACA	STREME-3	4.8e-002	LRBA|chr4:150876975-150877011|III	20.55	tp	0
3-CTGGGATTACA	STREME-3	4.8e-002	hY1_RNA-related|chr10:112365294-112367027|III	20.55	tp	0
3-CTGGGATTACA	STREME-3	4.8e-002	ENSG00000288109|chr17:67760318-67760487|III	20.55	tp	0
3-CTGGGATTACA	STREME-3	4.8e-002	U6atac|chr3:36984686-36984811|III	20.55	tp	0
3-CTGGGATTACA	STREME-3	4.8e-002	ULK4|chr3:41700788-41702332|III	20.55	tp	0
3-CTGGGATTACA	STREME-3	4.8e-002	SHANK1|chr19:50672534-50675004|III	20.55	tp	0
3-CTGGGATTACA	STREME-3	4.8e-002	7SK|chr4:183789659-183789835|III	20.55	tp	0
3-CTGGGATTACA	STREME-3	4.8e-002	7SK|chr3:129164219-129164390|III	20.55	tp	0
3-CTGGGATTACA	STREME-3	4.8e-002	CNTNAP2|chr7:148289268-148293891|III	20.55	tp	0
3-CTGGGATTACA	STREME-3	4.8e-002	CLSTN2-AS1|chr3:140589207-140593197|III	20.55	tp	0
3-CTGGGATTACA	STREME-3	4.8e-002	ENSG00000293401|chr2:112478371-112478578|III	20.55	tp	0
3-CTGGGATTACA	STREME-3	4.8e-002	CD72;ENSG00000227933|chr9:35646655-35648861|III	20.55	tp	0
3-CTGGGATTACA	STREME-3	4.8e-002	LINC00276|chr2:13980966-13982322|III	20.55	tp	0
3-CTGGGATTACA	STREME-3	4.8e-002	7SK|chr20:37281005-37281164|III	20.55	tp	0
3-CTGGGATTACA	STREME-3	4.8e-002	U6|chrX:35522251-35522311|III	20.55	tp	0
3-CTGGGATTACA	STREME-3	4.8e-002	ENSG00000291036|chr6:52967355-52970266|III	20.55	tp	0
3-CTGGGATTACA	STREME-3	4.8e-002	ENSG00000254553|chr1:32524641-32524696|III	20.55	tp	0
3-CTGGGATTACA	STREME-3	4.8e-002	ENSG00000240687|chr2:9664782-9666641|III	20.55	tp	0
3-CTGGGATTACA	STREME-3	4.8e-002	U6|chr2:131096880-131096986|III	20.55	tp	0
3-CTGGGATTACA	STREME-3	4.8e-002	CDKL4|chr2:39220864-39223134|III	20.55	tp	0
3-CTGGGATTACA	STREME-3	4.8e-002	MEGF11|chr15:65916830-65920345|III	20.55	tp	0
3-CTGGGATTACA	STREME-3	4.8e-002	IRAK2|chr3:10207008-10209498|III	20.55	tp	0
3-CTGGGATTACA	STREME-3	4.8e-002	hY3_RNA-related|chrX:40251855-40253082|III	20.55	tp	0
3-CTGGGATTACA	STREME-3	4.8e-002	ENSG00000300479;LINC02245|chr2:64946937-64949131|III	20.55	tp	0
3-CTGGGATTACA	STREME-3	4.8e-002	ENSG00000297507|chr19:6523969-6524068|III	20.55	tp	0
3-CTGGGATTACA	STREME-3	4.8e-002	NUBPL|chr14:31739573-31743073|III	20.55	tp	0
3-CTGGGATTACA	STREME-3	4.8e-002	ENSG00000288560|chr6:113081892-113082057|III	20.55	tp	0
3-CTGGGATTACA	STREME-3	4.8e-002	PSMD7-DT|chr16:74130310-74130465|III	20.55	tp	0
3-CTGGGATTACA	STREME-3	4.8e-002	LINC00862|chr1:200310611-200314056|III	20.55	tp	0
3-CTGGGATTACA	STREME-3	4.8e-002	CYP51A1-AS1;ENSG00000285772;ENSG00000285953;ENSG00000289027;LRRD1|chr7:92168957-92169064|III	20.55	tp	0
3-CTGGGATTACA	STREME-3	4.8e-002	UBAP2|chr9:34041252-34042784|III	20.55	tp	0
3-CTGGGATTACA	STREME-3	4.8e-002	ACOT9|chrX:23708985-23710731|III	20.55	tp	0
3-CTGGGATTACA	STREME-3	4.8e-002	CNTNAP2|chr7:148268128-148271863|III	20.55	tp	0
3-CTGGGATTACA	STREME-3	4.8e-002	ZNF474;ZNF475|chr5:122168447-122168499|III	20.55	tp	0
3-CTGGGATTACA	STREME-3	4.8e-002	DGKI;RPL6P19|chr7:137722213-137723885|III	20.55	tp	0
3-CTGGGATTACA	STREME-3	4.8e-002	ENSG00000281938;MEIKIN|chr5:131810299-131812153|III	20.55	tp	0
3-CTGGGATTACA	STREME-3	4.8e-002	CTCF-DT;ENSG00000280214|chr16:67549808-67551758|III	20.55	tp	0
3-CTGGGATTACA	STREME-3	4.8e-002	U6-related|chr7:135226925-135229472|III	20.55	tp	1
3-CTGGGATTACA	STREME-3	4.8e-002	ITPR2|chr12:26517519-26517735|III	20.55	tp	1
3-CTGGGATTACA	STREME-3	4.8e-002	U6-related|chr8:30036232-30037848|III	20.55	tp	1
3-CTGGGATTACA	STREME-3	4.8e-002	LINC00862|chr1:200299810-200301692|III	20.55	tp	1
3-CTGGGATTACA	STREME-3	4.8e-002	RPS6KA2|chr6:166567903-166569235|III	19.45	tp	0
3-CTGGGATTACA	STREME-3	4.8e-002	ENSG00000286598|chr15:23405023-23405102|III	19.45	tp	0
3-CTGGGATTACA	STREME-3	4.8e-002	ENSG00000304694|chr3:125609227-125609315|III	19.45	tp	0
3-CTGGGATTACA	STREME-3	4.8e-002	ENSG00000243953|chr3:154930672-154930770|III	19.45	tp	0
3-CTGGGATTACA	STREME-3	4.8e-002	7SK|chr6:73321598-73321719|III	19.45	tp	0
3-CTGGGATTACA	STREME-3	4.8e-002	TREH|chr11:118665484-118665597|III	19.45	tp	0
3-CTGGGATTACA	STREME-3	4.8e-002	E2F3|chr6:20489261-20489466|III	19.45	tp	0
3-CTGGGATTACA	STREME-3	4.8e-002	SEL1L2|chr20:13854071-13856065|III	19.45	tp	0
3-CTGGGATTACA	STREME-3	4.8e-002	NUCB2|chr11:17293097-17293237|III	19.45	tp	0
3-CTGGGATTACA	STREME-3	4.8e-002	ENSG00000288692|chr4:111132929-111133036|III	19.45	tp	0
3-CTGGGATTACA	STREME-3	4.8e-002	BTBD9|chr6:38221857-38221968|III	19.45	tp	0
3-CTGGGATTACA	STREME-3	4.8e-002	ENSG00000309133|chr13:90198309-90204193|III	19.45	tp	0
3-CTGGGATTACA	STREME-3	4.8e-002	ENSG00000257943;ENSG00000289510;ENSG00000293398|chr12:95389784-95391255|III	19.45	tp	0
3-CTGGGATTACA	STREME-3	4.8e-002	GABRB1|chr4:47376488-47376730|III	19.45	tp	0
3-CTGGGATTACA	STREME-3	4.8e-002	HY3|chr14:18691024-18691063|III	18.44	tp	0
3-CTGGGATTACA	STREME-3	4.8e-002	FBXO11|chr2:47862021-47862108|III	18.37	tp	0
3-CTGGGATTACA	STREME-3	4.8e-002	hY1_RNA-related|chr5:98327252-98328792|III	17.34	tp	0
3-CTGGGATTACA	STREME-3	4.8e-002	ENSG00000248752|chr5:126083713-126085145|III	17.26	tp	0
3-CTGGGATTACA	STREME-3	4.8e-002	FAM185A;FBXL13;RNU6-1136P|chr7:102833607-102835474|III	15.23	tp	0
3-CTGGGATTACA	STREME-3	4.8e-002	FRMD5|chr15:44000501-44000630|III	15.23	tp	0
3-CTGGGATTACA	STREME-3	4.8e-002	HSPA14;MSANTD7|chr10:14845734-14845852|III	15.19	tp	0
3-CTGGGATTACA	STREME-3	4.8e-002	LINC01994|chr3:182432218-182432325|III	15.19	tp	0
3-CTGGGATTACA	STREME-3	4.8e-002	PPARD|chr6:35345497-35345596|III	15.19	tp	1
3-CTGGGATTACA	STREME-3	4.8e-002	PCM1|chr8:17975374-17975595|III	14.88	tp	0
3-CTGGGATTACA	STREME-3	4.8e-002	KIF11|chr10:92629874-92629916|III	14.74	tp	0
3-CTGGGATTACA	STREME-3	4.8e-002	LRMDA|chr10:76101967-76103416|III	14.61	tp	0
3-CTGGGATTACA	STREME-3	4.8e-002	ENSG00000259275|chr15:96386702-96386798|III	14.61	tp	1
3-CTGGGATTACA	STREME-3	4.8e-002	ENSG00000295844|chr20:51951746-51951882|III	14.39	tp	0
3-CTGGGATTACA	STREME-3	4.8e-002	CRHR1;LINC02210-CRHR1;MAPT-AS1|chr17:45818506-45818606|III	14.37	tp	0
3-CTGGGATTACA	STREME-3	4.8e-002	KIF21A|chr12:39383618-39383722|III	14.13	tp	0
3-CTGGGATTACA	STREME-3	4.8e-002	RIMS2|chr8:103575299-103576786|III	14.09	tp	0
3-CTGGGATTACA	STREME-3	4.8e-002	ACCS|chr11:44082768-44082851|III	13.77	tp	0
3-CTGGGATTACA	STREME-3	4.8e-002	U6|chrX:100775367-100775933|III	12.53	tp	0
3-CTGGGATTACA	STREME-3	4.8e-002	7SK|chr10:36862366-36862592|III	12.53	tp	0
3-CTGGGATTACA	STREME-3	4.8e-002	SGO1-AS1|chr3:20346073-20348068|III	12.26	tp	0
#
4-AGTGCAGTGGC	STREME-4	4.8e-002	RPF2|chr6:111026606-111028352|III	20.22	tp	0
4-AGTGCAGTGGC	STREME-4	4.8e-002	HPSE2|chr10:99167751-99169378|III	20.22	tp	0
4-AGTGCAGTGGC	STREME-4	4.8e-002	MLLT10|chr10:21663299-21664670|III	20.22	tp	0
4-AGTGCAGTGGC	STREME-4	4.8e-002	hY1_RNA-related|chr10:112365294-112367027|III	20.22	tp	0
4-AGTGCAGTGGC	STREME-4	4.8e-002	SHANK1|chr19:50672534-50675004|III	20.22	tp	0
4-AGTGCAGTGGC	STREME-4	4.8e-002	LINC01913|chr2:41875165-41875209|III	20.22	tp	0
4-AGTGCAGTGGC	STREME-4	4.8e-002	7SK|chr3:129164219-129164390|III	20.22	tp	0
4-AGTGCAGTGGC	STREME-4	4.8e-002	U6|chrX:140039880-140039987|III	20.22	tp	0
4-AGTGCAGTGGC	STREME-4	4.8e-002	CLSTN2-AS1|chr3:140589207-140593197|III	20.22	tp	0
4-AGTGCAGTGGC	STREME-4	4.8e-002	ENSG00000293401|chr2:112478371-112478578|III	20.22	tp	0
4-AGTGCAGTGGC	STREME-4	4.8e-002	ENSG00000291036|chr6:52967355-52970266|III	20.22	tp	0
4-AGTGCAGTGGC	STREME-4	4.8e-002	ENSG00000256278;ZSCAN2;ZSCAN2-AS1|chr15:84611630-84611861|III	20.22	tp	0
4-AGTGCAGTGGC	STREME-4	4.8e-002	IRAK2|chr3:10207008-10209498|III	20.22	tp	0
4-AGTGCAGTGGC	STREME-4	4.8e-002	hY3_RNA-related|chrX:40251855-40253082|III	20.22	tp	0
4-AGTGCAGTGGC	STREME-4	4.8e-002	ENSG00000309133|chr13:90198309-90204193|III	20.22	tp	0
4-AGTGCAGTGGC	STREME-4	4.8e-002	ENSG00000257943;ENSG00000289510;ENSG00000293398|chr12:95389784-95391255|III	20.22	tp	0
4-AGTGCAGTGGC	STREME-4	4.8e-002	RFLNA|chr12:124121949-124122038|III	20.22	tp	0
4-AGTGCAGTGGC	STREME-4	4.8e-002	UBAP2|chr9:34041252-34042784|III	20.22	tp	0
4-AGTGCAGTGGC	STREME-4	4.8e-002	ENSG00000281938;MEIKIN|chr5:131810299-131812153|III	20.22	tp	0
4-AGTGCAGTGGC	STREME-4	4.8e-002	CTCF-DT;ENSG00000280214|chr16:67549808-67551758|III	20.22	tp	0
4-AGTGCAGTGGC	STREME-4	4.8e-002	PKN2-AS1|chr1:88573150-88573250|III	20.22	tp	1
4-AGTGCAGTGGC	STREME-4	4.8e-002	ENSG00000285859|chr10:24972461-24972497|III	20.22	tp	1
4-AGTGCAGTGGC	STREME-4	4.8e-002	ENSG00000248752|chr5:126083713-126085145|III	17.07	tp	0
4-AGTGCAGTGGC	STREME-4	4.8e-002	U6|chrX:100775367-100775933|III	17.07	tp	0
4-AGTGCAGTGGC	STREME-4	4.8e-002	E2F3|chr6:20489261-20489466|III	15.74	tp	0
4-AGTGCAGTGGC	STREME-4	4.8e-002	NUBPL|chr14:31739573-31743073|III	15.55	tp	0
4-AGTGCAGTGGC	STREME-4	4.8e-002	ULK4|chr3:41700788-41702332|III	15.50	tp	0
4-AGTGCAGTGGC	STREME-4	4.8e-002	7SK|chr1:81046786-81047021|III	15.44	tp	0
4-AGTGCAGTGGC	STREME-4	4.8e-002	BAZ2B|chr2:159558293-159558327|III	15.44	tp	0
4-AGTGCAGTGGC	STREME-4	4.8e-002	NUCB2|chr11:17293097-17293237|III	15.44	tp	0
4-AGTGCAGTGGC	STREME-4	4.8e-002	7SK|chr3:73663319-73663543|III	15.30	tp	0
4-AGTGCAGTGGC	STREME-4	4.8e-002	FRMD5|chr15:44000501-44000630|III	15.30	tp	0
4-AGTGCAGTGGC	STREME-4	4.8e-002	ENSG00000290796;LRP5L|chr22:25387260-25387380|III	15.18	tp	1
4-AGTGCAGTGGC	STREME-4	4.8e-002	CRYL1|chr13:20471547-20471606|III	15.10	tp	0
4-AGTGCAGTGGC	STREME-4	4.8e-002	SGO1-AS1|chr3:20346073-20348068|III	15.10	tp	0
4-AGTGCAGTGGC	STREME-4	4.8e-002	SEL1L2|chr20:13854071-13856065|III	15.10	tp	0
4-AGTGCAGTGGC	STREME-4	4.8e-002	CTSL3P|chr9:87780062-87780098|III	15.10	tp	0
4-AGTGCAGTGGC	STREME-4	4.8e-002	ENSG00000240687|chr2:9664782-9666641|III	15.10	tp	0
4-AGTGCAGTGGC	STREME-4	4.8e-002	CDKL4|chr2:39220864-39223134|III	15.10	tp	0
4-AGTGCAGTGGC	STREME-4	4.8e-002	MEGF11|chr15:65916830-65920345|III	15.10	tp	0
4-AGTGCAGTGGC	STREME-4	4.8e-002	ENSG00000300479;LINC02245|chr2:64946937-64949131|III	15.10	tp	0
4-AGTGCAGTGGC	STREME-4	4.8e-002	CYP51A1-AS1;ENSG00000285772;ENSG00000285953;ENSG00000289027;LRRD1|chr7:92168957-92169064|III	15.10	tp	0
4-AGTGCAGTGGC	STREME-4	4.8e-002	ACOT9|chrX:23708985-23710731|III	15.10	tp	0
4-AGTGCAGTGGC	STREME-4	4.8e-002	ENSG00000287092|chr6:156288401-156288455|III	15.10	tp	0
4-AGTGCAGTGGC	STREME-4	4.8e-002	GABRB1|chr4:47376488-47376730|III	15.10	tp	0
4-AGTGCAGTGGC	STREME-4	4.8e-002	U6-related|chr8:30036232-30037848|III	15.10	tp	1
4-AGTGCAGTGGC	STREME-4	4.8e-002	CNTNAP2|chr7:148268128-148271863|III	14.99	tp	0
4-AGTGCAGTGGC	STREME-4	4.8e-002	ZFYVE9|chr1:52177409-52177503|III	14.99	tp	1
4-AGTGCAGTGGC	STREME-4	4.8e-002	ORC2|chr2:200913450-200914986|III	14.85	tp	0
4-AGTGCAGTGGC	STREME-4	4.8e-002	7SK|chr1:161376350-161376530|III	14.81	tp	0
4-AGTGCAGTGGC	STREME-4	4.8e-002	LINC00536|chr8:116216027-116216145|III	14.81	tp	0
4-AGTGCAGTGGC	STREME-4	4.8e-002	UNC13B|chr9:35185830-35185888|III	14.67	tp	0
4-AGTGCAGTGGC	STREME-4	4.8e-002	LRMDA|chr10:76101967-76103416|III	14.67	tp	0
4-AGTGCAGTGGC	STREME-4	4.8e-002	ABCG8|chr2:43852820-43852989|III	14.67	fp	0
4-AGTGCAGTGGC	STREME-4	4.8e-002	ENSG00000206549;ENSG00000284672|chr3:46751979-46752016|III	14.44	tp	0
4-AGTGCAGTGGC	STREME-4	4.8e-002	U6-related|chr7:135226925-135229472|III	14.44	tp	1
4-AGTGCAGTGGC	STREME-4	4.8e-002	SLC38A9|chr5:55629148-55629273|III	14.41	tp	0
4-AGTGCAGTGGC	STREME-4	4.8e-002	BCOR|chrX:40154444-40155899|III	13.83	tp	0
4-AGTGCAGTGGC	STREME-4	4.8e-002	RPS6KA2|chr6:166567903-166569235|III	12.66	tp	0
4-AGTGCAGTGGC	STREME-4	4.8e-002	LINC02710|chr11:46210572-46212187|III	11.94	tp	0
4-AGTGCAGTGGC	STREME-4	4.8e-002	ENSG00000297507|chr19:6523969-6524068|III	11.94	tp	0
4-AGTGCAGTGGC	STREME-4	4.8e-002	ENSG00000293139|chr17:18467683-18467782|III	11.94	tp	0
4-AGTGCAGTGGC	STREME-4	4.8e-002	DOCK10|chr2:224794389-224794486|III	11.74	tp	0
#
5-CTCCTGRCCTCARGT	STREME-5	4.9e-002	EVL|chr14:100023634-100023843|III	24.10	tp	0
5-CTCCTGRCCTCARGT	STREME-5	4.9e-002	hY1_RNA-related|chr10:112365294-112367027|III	24.10	tp	0
5-CTCCTGRCCTCARGT	STREME-5	4.9e-002	FAM185A;FBXL13;RNU6-1136P|chr7:102833607-102835474|III	24.10	tp	0
5-CTCCTGRCCTCARGT	STREME-5	4.9e-002	CNTNAP2|chr7:148289268-148293891|III	24.10	tp	0
5-CTCCTGRCCTCARGT	STREME-5	4.9e-002	IRAK2|chr3:10207008-10209498|III	24.10	tp	0
5-CTCCTGRCCTCARGT	STREME-5	4.9e-002	NUBPL|chr14:31739573-31743073|III	24.10	tp	0
5-CTCCTGRCCTCARGT	STREME-5	4.9e-002	SHANK1|chr19:50672534-50675004|III	23.28	tp	0
5-CTCCTGRCCTCARGT	STREME-5	4.9e-002	NRROS;PIGX|chr3:196660992-196662421|III	23.28	tp	0
5-CTCCTGRCCTCARGT	STREME-5	4.9e-002	CLSTN2-AS1|chr3:140589207-140593197|III	23.28	tp	0
5-CTCCTGRCCTCARGT	STREME-5	4.9e-002	HSPA14;MSANTD7|chr10:14845734-14845852|III	23.28	tp	0
5-CTCCTGRCCTCARGT	STREME-5	4.9e-002	LINC00276|chr2:13980966-13982322|III	23.28	tp	0
5-CTCCTGRCCTCARGT	STREME-5	4.9e-002	7SK|chr20:37281005-37281164|III	23.28	tp	0
5-CTCCTGRCCTCARGT	STREME-5	4.9e-002	ENSG00000300414;ITGB3BP|chr1:63576573-63576629|III	23.28	tp	0
5-CTCCTGRCCTCARGT	STREME-5	4.9e-002	UBAP2|chr9:34041252-34042784|III	23.28	tp	0
5-CTCCTGRCCTCARGT	STREME-5	4.9e-002	ENSG00000281938;MEIKIN|chr5:131810299-131812153|III	23.28	tp	0
5-CTCCTGRCCTCARGT	STREME-5	4.9e-002	CTCF-DT;ENSG00000280214|chr16:67549808-67551758|III	23.28	tp	0
5-CTCCTGRCCTCARGT	STREME-5	4.9e-002	U6-related|chr7:135226925-135229472|III	23.28	tp	1
5-CTCCTGRCCTCARGT	STREME-5	4.9e-002	SNCA|chr4:89755985-89756032|III	22.84	tp	0
5-CTCCTGRCCTCARGT	STREME-5	4.9e-002	ERICH6-AS1|chr3:150726107-150726203|III	22.62	tp	1
5-CTCCTGRCCTCARGT	STREME-5	4.9e-002	hY3_RNA-related|chrX:40251855-40253082|III	22.19	tp	0
5-CTCCTGRCCTCARGT	STREME-5	4.9e-002	ENSG00000291036|chr6:52967355-52970266|III	21.71	tp	0
5-CTCCTGRCCTCARGT	STREME-5	4.9e-002	PPARD|chr6:35345497-35345596|III	21.71	tp	1
5-CTCCTGRCCTCARGT	STREME-5	4.9e-002	ACOT9|chrX:23708985-23710731|III	21.65	tp	0
5-CTCCTGRCCTCARGT	STREME-5	4.9e-002	U6|chrX:100775367-100775933|III	21.65	tp	0
5-CTCCTGRCCTCARGT	STREME-5	4.9e-002	DGKI;RPL6P19|chr7:137722213-137723885|III	21.65	tp	0
5-CTCCTGRCCTCARGT	STREME-5	4.9e-002	NMNAT2|chr1:183334183-183334319|III	21.48	tp	0
5-CTCCTGRCCTCARGT	STREME-5	4.9e-002	ENSG00000248752|chr5:126083713-126085145|III	21.10	tp	0
5-CTCCTGRCCTCARGT	STREME-5	4.9e-002	CNTNAP2|chr7:148268128-148271863|III	21.10	tp	0
5-CTCCTGRCCTCARGT	STREME-5	4.9e-002	PSMD7-DT|chr16:74130310-74130465|III	20.83	tp	0
5-CTCCTGRCCTCARGT	STREME-5	4.9e-002	ORC2|chr2:200913450-200914986|III	20.75	tp	0
5-CTCCTGRCCTCARGT	STREME-5	4.9e-002	E2F3|chr6:20489261-20489466|III	20.75	tp	0
5-CTCCTGRCCTCARGT	STREME-5	4.9e-002	CDKL4|chr2:39220864-39223134|III	20.75	tp	0
5-CTCCTGRCCTCARGT	STREME-5	4.9e-002	DMD|chrX:31276225-31276300|III	20.58	tp	0
5-CTCCTGRCCTCARGT	STREME-5	4.9e-002	PPP2R5C|chr14:101921257-101921307|III	20.44	tp	0
5-CTCCTGRCCTCARGT	STREME-5	4.9e-002	LINC00862|chr1:200310611-200314056|III	20.38	tp	0
5-CTCCTGRCCTCARGT	STREME-5	4.9e-002	SCNN1B|chr16:23332478-23332632|III	20.04	tp	0
5-CTCCTGRCCTCARGT	STREME-5	4.9e-002	TANGO6|chr16:69036699-69036803|III	20.04	tp	0
5-CTCCTGRCCTCARGT	STREME-5	4.9e-002	ENSG00000286598|chr15:23405023-23405102|III	20.04	tp	0
5-CTCCTGRCCTCARGT	STREME-5	4.9e-002	PCM1|chr8:17975374-17975595|III	20.02	tp	0
5-CTCCTGRCCTCARGT	STREME-5	4.9e-002	SMG1-DT|chr16:18928387-18928425|III	19.78	tp	0
5-CTCCTGRCCTCARGT	STREME-5	4.9e-002	HY1|chr1:10982507-10982589|III	19.41	tp	0
5-CTCCTGRCCTCARGT	STREME-5	4.9e-002	ENSG00000288560|chr6:113081892-113082057|III	19.13	tp	0
5-CTCCTGRCCTCARGT	STREME-5	4.9e-002	ACOT13|chr6:24689358-24689420|III	18.72	tp	0
5-CTCCTGRCCTCARGT	STREME-5	4.9e-002	HPSE2|chr10:99167751-99169378|III	18.66	tp	0
5-CTCCTGRCCTCARGT	STREME-5	4.9e-002	7SK|chr1:161376350-161376530|III	18.63	tp	0
5-CTCCTGRCCTCARGT	STREME-5	4.9e-002	PHF8|chrX:54020078-54020118|III	18.63	tp	0
5-CTCCTGRCCTCARGT	STREME-5	4.9e-002	7SK|chr6:73321598-73321719|III	18.63	tp	0
5-CTCCTGRCCTCARGT	STREME-5	4.9e-002	ADGRV1|chr5:91050476-91050684|III	18.63	tp	0
5-CTCCTGRCCTCARGT	STREME-5	4.9e-002	7SK|chr13:19918711-19918783|III	18.59	tp	0
5-CTCCTGRCCTCARGT	STREME-5	4.9e-002	ENSG00000300479;LINC02245|chr2:64946937-64949131|III	18.28	tp	0
5-CTCCTGRCCTCARGT	STREME-5	4.9e-002	MLLT10|chr10:21663299-21664670|III	18.21	tp	0
5-CTCCTGRCCTCARGT	STREME-5	4.9e-002	SEL1L2|chr20:13854071-13856065|III	18.21	tp	0
5-CTCCTGRCCTCARGT	STREME-5	4.9e-002	U6|chr6:76410519-76410613|III	17.85	tp	1
5-CTCCTGRCCTCARGT	STREME-5	4.9e-002	ATP6AP1-DT|chrX:154427861-154427902|III	17.76	tp	0
5-CTCCTGRCCTCARGT	STREME-5	4.9e-002	GPC6|chr13:94017055-94017083|III	17.72	tp	0
5-CTCCTGRCCTCARGT	STREME-5	4.9e-002	KIAA0319|chr6:24593599-24593655|III	17.67	tp	1
5-CTCCTGRCCTCARGT	STREME-5	4.9e-002	MYO16|chr13:108845930-108845969|III	17.40	tp	0
5-CTCCTGRCCTCARGT	STREME-5	4.9e-002	ENSG00000295844|chr20:51951746-51951882|III	17.29	tp	0
5-CTCCTGRCCTCARGT	STREME-5	4.9e-002	RPS6KA2|chr6:166567903-166569235|III	17.03	tp	0
5-CTCCTGRCCTCARGT	STREME-5	4.9e-002	ENSG00000285693;ENSG00000293817|chr11:72807868-72807955|III	16.97	tp	0
5-CTCCTGRCCTCARGT	STREME-5	4.9e-002	LRMDA|chr10:76101967-76103416|III	16.93	tp	0
5-CTCCTGRCCTCARGT	STREME-5	4.9e-002	RPS18|chr6:33275355-33275447|III	16.40	tp	1
5-CTCCTGRCCTCARGT	STREME-5	4.9e-002	DAPK2|chr15:63922824-63922937|III	15.80	fp	0
5-CTCCTGRCCTCARGT	STREME-5	4.9e-002	ENSG00000240687|chr2:9664782-9666641|III	15.43	tp	0
5-CTCCTGRCCTCARGT	STREME-5	4.9e-002	HS1BP3|chr2:20565108-20566647|III	15.26	tp	0
5-CTCCTGRCCTCARGT	STREME-5	4.9e-002	HS1BP3|chr2:20565108-20566647|III	15.22	fp	0
5-CTCCTGRCCTCARGT	STREME-5	4.9e-002	ENSG00000309133|chr13:90198309-90204193|III	15.03	tp	0
5-CTCCTGRCCTCARGT	STREME-5	4.9e-002	ENSG00000297507|chr19:6523969-6524068|III	14.82	tp	0
5-CTCCTGRCCTCARGT	STREME-5	4.9e-002	SGO1-AS1|chr3:20346073-20348068|III	14.25	tp	0
5-CTCCTGRCCTCARGT	STREME-5	4.9e-002	ENSG00000257042|chr12:27930326-27932036|III	14.24	tp	0
5-CTCCTGRCCTCARGT	STREME-5	4.9e-002	DLG2|chr11:85543316-85545814|III	14.09	tp	0
5-CTCCTGRCCTCARGT	STREME-5	4.9e-002	LINC01399|chr22:35177494-35179111|III	14.07	tp	0
5-CTCCTGRCCTCARGT	STREME-5	4.9e-002	U6|chr4:12662064-12662133|III	13.64	tp	0
5-CTCCTGRCCTCARGT	STREME-5	4.9e-002	MEGF11|chr15:65916830-65920345|III	13.36	tp	0
5-CTCCTGRCCTCARGT	STREME-5	4.9e-002	U6|chr13:20924208-20924257|III	13.32	tp	0
5-CTCCTGRCCTCARGT	STREME-5	4.9e-002	ANKRD36|chr2:97155360-97155419|III	13.27	tp	0
5-CTCCTGRCCTCARGT	STREME-5	4.9e-002	hY3_RNA|chr17:43911457-43911557|III	12.61	tp	0
5-CTCCTGRCCTCARGT	STREME-5	4.9e-002	CNTNAP2|chr7:148310513-148317088|III	12.42	tp	0
5-CTCCTGRCCTCARGT	STREME-5	4.9e-002	RPF2|chr6:111026606-111028352|III	11.80	tp	0
5-CTCCTGRCCTCARGT	STREME-5	4.9e-002	ENSG00000226266|chr2:159648851-159651251|III	11.62	tp	0
5-CTCCTGRCCTCARGT	STREME-5	4.9e-002	ENSG00000293676|chr5:54311608-54311710|III	11.46	tp	0
#
6-GCAGTGAGCCGAGAT	STREME-6	4.9e-002	MLLT10|chr10:21663299-21664670|III	29.60	tp	0
6-GCAGTGAGCCGAGAT	STREME-6	4.9e-002	UNC13B|chr9:35185830-35185888|III	29.60	tp	0
6-GCAGTGAGCCGAGAT	STREME-6	4.9e-002	U6|chrX:140039880-140039987|III	29.60	tp	0
6-GCAGTGAGCCGAGAT	STREME-6	4.9e-002	TREH|chr11:118665484-118665597|III	29.60	tp	0
6-GCAGTGAGCCGAGAT	STREME-6	4.9e-002	ENSG00000291036|chr6:52967355-52970266|III	29.60	tp	0
6-GCAGTGAGCCGAGAT	STREME-6	4.9e-002	ENSG00000240687|chr2:9664782-9666641|III	29.60	tp	0
6-GCAGTGAGCCGAGAT	STREME-6	4.9e-002	CDKL4|chr2:39220864-39223134|III	29.60	tp	0
6-GCAGTGAGCCGAGAT	STREME-6	4.9e-002	NUCB2|chr11:17293097-17293237|III	29.60	tp	0
6-GCAGTGAGCCGAGAT	STREME-6	4.9e-002	IRAK2|chr3:10207008-10209498|III	29.60	tp	0
6-GCAGTGAGCCGAGAT	STREME-6	4.9e-002	ENSG00000257943;ENSG00000289510;ENSG00000293398|chr12:95389784-95391255|III	29.60	tp	0
6-GCAGTGAGCCGAGAT	STREME-6	4.9e-002	ACOT9|chrX:23708985-23710731|III	29.60	tp	0
6-GCAGTGAGCCGAGAT	STREME-6	4.9e-002	ENSG00000287092|chr6:156288401-156288455|III	29.60	tp	0
6-GCAGTGAGCCGAGAT	STREME-6	4.9e-002	ENSG00000281938;MEIKIN|chr5:131810299-131812153|III	29.60	tp	0
6-GCAGTGAGCCGAGAT	STREME-6	4.9e-002	U6|chr6:76410519-76410613|III	29.60	tp	1
6-GCAGTGAGCCGAGAT	STREME-6	4.9e-002	PKN2-AS1|chr1:88573150-88573250|III	29.60	tp	1
6-GCAGTGAGCCGAGAT	STREME-6	4.9e-002	FRMD5|chr15:44000501-44000630|III	28.60	tp	0
6-GCAGTGAGCCGAGAT	STREME-6	4.9e-002	U6-related|chr8:30036232-30037848|III	28.60	tp	1
6-GCAGTGAGCCGAGAT	STREME-6	4.9e-002	HPSE2|chr10:99167751-99169378|III	26.87	tp	0
6-GCAGTGAGCCGAGAT	STREME-6	4.9e-002	ENSG00000248752|chr5:126083713-126085145|III	26.87	tp	0
6-GCAGTGAGCCGAGAT	STREME-6	4.9e-002	MEGF11|chr15:65916830-65920345|III	26.71	tp	0
6-GCAGTGAGCCGAGAT	STREME-6	4.9e-002	GABRB1|chr4:47376488-47376730|III	25.47	tp	0
6-GCAGTGAGCCGAGAT	STREME-6	4.9e-002	ORC2|chr2:200913450-200914986|III	25.42	tp	0
6-GCAGTGAGCCGAGAT	STREME-6	4.9e-002	hY1_RNA-related|chr10:112365294-112367027|III	25.42	tp	0
6-GCAGTGAGCCGAGAT	STREME-6	4.9e-002	hY3_RNA-related|chrX:40251855-40253082|III	25.42	tp	0
6-GCAGTGAGCCGAGAT	STREME-6	4.9e-002	UBAP2|chr9:34041252-34042784|III	25.42	tp	0
6-GCAGTGAGCCGAGAT	STREME-6	4.9e-002	DGKI;RPL6P19|chr7:137722213-137723885|III	25.42	tp	0
6-GCAGTGAGCCGAGAT	STREME-6	4.9e-002	ENSG00000309133|chr13:90198309-90204193|III	25.20	tp	0
6-GCAGTGAGCCGAGAT	STREME-6	4.9e-002	CNTNAP2|chr7:148268128-148271863|III	25.13	tp	0
6-GCAGTGAGCCGAGAT	STREME-6	4.9e-002	CTCF-DT;ENSG00000280214|chr16:67549808-67551758|III	25.13	tp	0
6-GCAGTGAGCCGAGAT	STREME-6	4.9e-002	LINC00276|chr2:13980966-13982322|III	25.06	tp	0
6-GCAGTGAGCCGAGAT	STREME-6	4.9e-002	7SK|chr1:81046786-81047021|III	24.67	tp	0
6-GCAGTGAGCCGAGAT	STREME-6	4.9e-002	CLSTN2-AS1|chr3:140589207-140593197|III	24.67	tp	0
6-GCAGTGAGCCGAGAT	STREME-6	4.9e-002	U6|chrX:24052231-24052356|III	24.67	tp	0
6-GCAGTGAGCCGAGAT	STREME-6	4.9e-002	HY3|chr1:52103892-52103968|III	24.67	tp	1
6-GCAGTGAGCCGAGAT	STREME-6	4.9e-002	7SK|chr1:161376350-161376530|III	24.35	tp	0
6-GCAGTGAGCCGAGAT	STREME-6	4.9e-002	PPP2R5E|chr14:63384732-63384833|III	24.33	tp	0
6-GCAGTGAGCCGAGAT	STREME-6	4.9e-002	RFLNA|chr12:124121949-124122038|III	24.31	tp	0
6-GCAGTGAGCCGAGAT	STREME-6	4.9e-002	LINC01913|chr2:41875165-41875209|III	23.67	tp	0
6-GCAGTGAGCCGAGAT	STREME-6	4.9e-002	RPS6KA2|chr6:166567903-166569235|III	23.41	tp	0
6-GCAGTGAGCCGAGAT	STREME-6	4.9e-002	LINC00536|chr8:116216027-116216145|III	22.70	tp	0
6-GCAGTGAGCCGAGAT	STREME-6	4.9e-002	ENSG00000293401|chr2:112478371-112478578|III	22.40	tp	0
6-GCAGTGAGCCGAGAT	STREME-6	4.9e-002	ENSG00000300479;LINC02245|chr2:64946937-64949131|III	22.38	tp	0
6-GCAGTGAGCCGAGAT	STREME-6	4.9e-002	U6|chrX:100775367-100775933|III	22.25	tp	0
6-GCAGTGAGCCGAGAT	STREME-6	4.9e-002	PHYH|chr10:13299274-13299381|III	21.96	tp	0
6-GCAGTGAGCCGAGAT	STREME-6	4.9e-002	CABP1|chr12:120664793-120664857|III	21.94	tp	0
6-GCAGTGAGCCGAGAT	STREME-6	4.9e-002	hY4_RNA-related|chr7:14008229-14010013|III	21.78	tp	0
6-GCAGTGAGCCGAGAT	STREME-6	4.9e-002	SHANK1|chr19:50672534-50675004|III	21.43	tp	0
6-GCAGTGAGCCGAGAT	STREME-6	4.9e-002	LINC00862|chr1:200310611-200314056|III	20.77	tp	0
6-GCAGTGAGCCGAGAT	STREME-6	4.9e-002	CYP51A1-AS1;ENSG00000285772;ENSG00000285953;ENSG00000289027;LRRD1|chr7:92168957-92169064|III	20.54	tp	0
6-GCAGTGAGCCGAGAT	STREME-6	4.9e-002	LRMDA|chr10:76101967-76103416|III	19.20	tp	0
6-GCAGTGAGCCGAGAT	STREME-6	4.9e-002	SEL1L2|chr20:13854071-13856065|III	18.93	tp	0
6-GCAGTGAGCCGAGAT	STREME-6	4.9e-002	7SK|chr3:129164219-129164390|III	18.69	tp	0
6-GCAGTGAGCCGAGAT	STREME-6	4.9e-002	BTBD9|chr6:38221857-38221968|III	18.68	tp	0
6-GCAGTGAGCCGAGAT	STREME-6	4.9e-002	NUBPL|chr14:31739573-31743073|III	18.21	tp	0
6-GCAGTGAGCCGAGAT	STREME-6	4.9e-002	CCDC18|chr1:93247111-93247140|III	17.66	tp	0
6-GCAGTGAGCCGAGAT	STREME-6	4.9e-002	ENSG00000226266|chr2:159648851-159651251|III	17.64	tp	0
6-GCAGTGAGCCGAGAT	STREME-6	4.9e-002	RPF2|chr6:111026606-111028352|III	16.19	tp	0
6-GCAGTGAGCCGAGAT	STREME-6	4.9e-002	U6-related|chr7:135226925-135229472|III	11.96	tp	1
6-GCAGTGAGCCGAGAT	STREME-6	4.9e-002	RPS18|chr6:33275355-33275447|III	11.70	tp	1
6-GCAGTGAGCCGAGAT	STREME-6	4.9e-002	ENSG00000253608|chr8:48672570-48674350|III	10.97	tp	0
#
7-CTAAAAATACAAAA	STREME-7	1.3e-001	MLLT10|chr10:21663299-21664670|III	22.68	tp	0
7-CTAAAAATACAAAA	STREME-7	1.3e-001	ORC2|chr2:200913450-200914986|III	22.68	tp	0
7-CTAAAAATACAAAA	STREME-7	1.3e-001	U6atac|chr3:36984686-36984811|III	22.68	tp	0
7-CTAAAAATACAAAA	STREME-7	1.3e-001	SHANK1|chr19:50672534-50675004|III	22.68	tp	0
7-CTAAAAATACAAAA	STREME-7	1.3e-001	CLSTN2-AS1|chr3:140589207-140593197|III	22.68	tp	0
7-CTAAAAATACAAAA	STREME-7	1.3e-001	ENSG00000293401|chr2:112478371-112478578|III	22.68	tp	0
7-CTAAAAATACAAAA	STREME-7	1.3e-001	ENSG00000291036|chr6:52967355-52970266|III	22.68	tp	0
7-CTAAAAATACAAAA	STREME-7	1.3e-001	U6|chr2:131096880-131096986|III	22.68	tp	0
7-CTAAAAATACAAAA	STREME-7	1.3e-001	CDKL4|chr2:39220864-39223134|III	22.68	tp	0
7-CTAAAAATACAAAA	STREME-7	1.3e-001	MEGF11|chr15:65916830-65920345|III	22.68	tp	0
7-CTAAAAATACAAAA	STREME-7	1.3e-001	IRAK2|chr3:10207008-10209498|III	22.68	tp	0
7-CTAAAAATACAAAA	STREME-7	1.3e-001	ENSG00000295844|chr20:51951746-51951882|III	22.68	tp	0
7-CTAAAAATACAAAA	STREME-7	1.3e-001	hY3_RNA-related|chrX:40251855-40253082|III	22.68	tp	0
7-CTAAAAATACAAAA	STREME-7	1.3e-001	ENSG00000288692|chr4:111132929-111133036|III	22.68	tp	0
7-CTAAAAATACAAAA	STREME-7	1.3e-001	ENSG00000248752|chr5:126083713-126085145|III	22.68	tp	0
7-CTAAAAATACAAAA	STREME-7	1.3e-001	PADI4|chr1:17357304-17357363|III	22.68	tp	0
7-CTAAAAATACAAAA	STREME-7	1.3e-001	ENSG00000309133|chr13:90198309-90204193|III	22.68	tp	0
7-CTAAAAATACAAAA	STREME-7	1.3e-001	LINC00862|chr1:200310611-200314056|III	22.68	tp	0
7-CTAAAAATACAAAA	STREME-7	1.3e-001	ACOT9|chrX:23708985-23710731|III	22.68	tp	0
7-CTAAAAATACAAAA	STREME-7	1.3e-001	ENSG00000281938;MEIKIN|chr5:131810299-131812153|III	22.68	tp	0
7-CTAAAAATACAAAA	STREME-7	1.3e-001	CTCF-DT;ENSG00000280214|chr16:67549808-67551758|III	22.68	tp	0
7-CTAAAAATACAAAA	STREME-7	1.3e-001	7SK|chr10:36862366-36862592|III	22.68	tp	0
7-CTAAAAATACAAAA	STREME-7	1.3e-001	U6-related|chr7:135226925-135229472|III	22.68	tp	1
7-CTAAAAATACAAAA	STREME-7	1.3e-001	ITPR2|chr12:26517519-26517735|III	22.68	tp	1
7-CTAAAAATACAAAA	STREME-7	1.3e-001	CUX1|chr7:102239908-102239938|III	22.68	tp	1
7-CTAAAAATACAAAA	STREME-7	1.3e-001	hY1_RNA-related|chr10:112365294-112367027|III	20.95	tp	0
7-CTAAAAATACAAAA	STREME-7	1.3e-001	PSMD7-DT|chr16:74130310-74130465|III	20.95	tp	0
7-CTAAAAATACAAAA	STREME-7	1.3e-001	U6-related|chr8:30036232-30037848|III	20.64	tp	1
7-CTAAAAATACAAAA	STREME-7	1.3e-001	PRUNE2|chr9:76678170-76678206|III	20.36	tp	0
7-CTAAAAATACAAAA	STREME-7	1.3e-001	RPS6KA2|chr6:166567903-166569235|III	20.03	tp	0
7-CTAAAAATACAAAA	STREME-7	1.3e-001	HY3|chr14:49375871-49375917|III	19.04	tp	0
7-CTAAAAATACAAAA	STREME-7	1.3e-001	LINC00276|chr2:13980966-13982322|III	18.90	tp	0
7-CTAAAAATACAAAA	STREME-7	1.3e-001	UBAP2|chr9:34041252-34042784|III	18.56	tp	0
7-CTAAAAATACAAAA	STREME-7	1.3e-001	HPSE2|chr10:99167751-99169378|III	18.41	tp	0
7-CTAAAAATACAAAA	STREME-7	1.3e-001	ULK4|chr3:41700788-41702332|III	18.09	tp	0
7-CTAAAAATACAAAA	STREME-7	1.3e-001	DMD|chrX:31276225-31276300|III	17.83	tp	0
7-CTAAAAATACAAAA	STREME-7	1.3e-001	HY3|chr13:28101930-28102017|III	17.18	tp	0
7-CTAAAAATACAAAA	STREME-7	1.3e-001	ENSG00000257943;ENSG00000289510;ENSG00000293398|chr12:95389784-95391255|III	17.15	tp	0
7-CTAAAAATACAAAA	STREME-7	1.3e-001	7SK|chr20:37281005-37281164|III	16.66	tp	0
7-CTAAAAATACAAAA	STREME-7	1.3e-001	ENSG00000300479;LINC02245|chr2:64946937-64949131|III	16.24	tp	0
7-CTAAAAATACAAAA	STREME-7	1.3e-001	SEL1L2|chr20:13854071-13856065|III	15.82	tp	0
7-CTAAAAATACAAAA	STREME-7	1.3e-001	DLG2|chr11:85543316-85545814|III	15.72	tp	0
7-CTAAAAATACAAAA	STREME-7	1.3e-001	U6|chrX:100775367-100775933|III	15.69	tp	0
7-CTAAAAATACAAAA	STREME-7	1.3e-001	ENSG00000308278|chr21:30594215-30594326|III	15.47	tp	0
7-CTAAAAATACAAAA	STREME-7	1.3e-001	ENSG00000240687|chr2:9664782-9666641|III	15.39	tp	0
7-CTAAAAATACAAAA	STREME-7	1.3e-001	VTI1A|chr10:112506203-112506411|III	15.32	tp	0
7-CTAAAAATACAAAA	STREME-7	1.3e-001	NMNAT2|chr1:183334183-183334319|III	14.95	tp	0
7-CTAAAAATACAAAA	STREME-7	1.3e-001	LINC01948|chr5:56469004-56470419|III	14.68	tp	0
7-CTAAAAATACAAAA	STREME-7	1.3e-001	E2F3|chr6:20489261-20489466|III	14.68	tp	0
7-CTAAAAATACAAAA	STREME-7	1.3e-001	SAXO1|chr9:18963597-18963765|III	14.66	tp	0
7-CTAAAAATACAAAA	STREME-7	1.3e-001	ENSG00000256278;ZSCAN2;ZSCAN2-AS1|chr15:84611630-84611861|III	14.34	tp	0
7-CTAAAAATACAAAA	STREME-7	1.3e-001	DNAH7|chr2:195979422-195981212|III	14.29	tp	0
7-CTAAAAATACAAAA	STREME-7	1.3e-001	NCKAP5|chr2:132882977-132883074|III	14.24	tp	0
7-CTAAAAATACAAAA	STREME-7	1.3e-001	CNTNAP2|chr7:148268128-148271863|III	14.14	tp	0
7-CTAAAAATACAAAA	STREME-7	1.3e-001	TMEM161B-DT|chr5:88402866-88402950|III	13.92	tp	0
7-CTAAAAATACAAAA	STREME-7	1.3e-001	ENSG00000291036|chr6:52968253-52968653|III	13.65	tp	0
7-CTAAAAATACAAAA	STREME-7	1.3e-001	ENSG00000306674|chr7:149332316-149332424|III	13.52	tp	0
7-CTAAAAATACAAAA	STREME-7	1.3e-001	NUBPL|chr14:31739573-31743073|III	13.43	tp	0
7-CTAAAAATACAAAA	STREME-7	1.3e-001	ENSG00000226266|chr2:159648851-159651251|III	13.40	tp	0
7-CTAAAAATACAAAA	STREME-7	1.3e-001	FAM185A;FBXL13;RNU6-1136P|chr7:102833607-102835474|III	13.36	tp	0
7-CTAAAAATACAAAA	STREME-7	1.3e-001	SGO1-AS1|chr3:20398742-20400267|III	12.91	tp	0
#
8-AGACGGGGTYTCAC	STREME-8	2.2e-001	HPSE2|chr10:99167751-99169378|III	26.26	tp	0
8-AGACGGGGTYTCAC	STREME-8	2.2e-001	MLLT10|chr10:21663299-21664670|III	26.26	tp	0
8-AGACGGGGTYTCAC	STREME-8	2.2e-001	DMD|chrX:31276225-31276300|III	26.26	tp	0
8-AGACGGGGTYTCAC	STREME-8	2.2e-001	NRROS;PIGX|chr3:196660992-196662421|III	26.26	tp	0
8-AGACGGGGTYTCAC	STREME-8	2.2e-001	CLSTN2-AS1|chr3:140589207-140593197|III	26.26	tp	0
8-AGACGGGGTYTCAC	STREME-8	2.2e-001	HSPA14;MSANTD7|chr10:14845734-14845852|III	26.26	tp	0
8-AGACGGGGTYTCAC	STREME-8	2.2e-001	LINC00276|chr2:13980966-13982322|III	26.26	tp	0
8-AGACGGGGTYTCAC	STREME-8	2.2e-001	hY3_RNA-related|chrX:40251855-40253082|III	26.26	tp	0
8-AGACGGGGTYTCAC	STREME-8	2.2e-001	LINC00862|chr1:200310611-200314056|III	26.26	tp	0
8-AGACGGGGTYTCAC	STREME-8	2.2e-001	UBAP2|chr9:34041252-34042784|III	26.26	tp	0
8-AGACGGGGTYTCAC	STREME-8	2.2e-001	ACOT9|chrX:23708985-23710731|III	26.26	tp	0
8-AGACGGGGTYTCAC	STREME-8	2.2e-001	CNTNAP2|chr7:148268128-148271863|III	26.26	tp	0
8-AGACGGGGTYTCAC	STREME-8	2.2e-001	ENSG00000293401|chr2:112478371-112478578|III	26.03	tp	0
8-AGACGGGGTYTCAC	STREME-8	2.2e-001	7SK|chr6:73321598-73321719|III	25.66	tp	0
8-AGACGGGGTYTCAC	STREME-8	2.2e-001	SEL1L2|chr20:13854071-13856065|III	25.66	tp	0
8-AGACGGGGTYTCAC	STREME-8	2.2e-001	ENSG00000257943;ENSG00000289510;ENSG00000293398|chr12:95389784-95391255|III	25.66	tp	0
8-AGACGGGGTYTCAC	STREME-8	2.2e-001	GABRB1|chr4:47376488-47376730|III	25.66	tp	0
8-AGACGGGGTYTCAC	STREME-8	2.2e-001	FARS2|chr6:5339426-5339464|III	24.22	tp	0
8-AGACGGGGTYTCAC	STREME-8	2.2e-001	ENSG00000248752|chr5:126083713-126085145|III	24.22	tp	0
8-AGACGGGGTYTCAC	STREME-8	2.2e-001	ENSG00000281938;MEIKIN|chr5:131810299-131812153|III	24.22	tp	0
8-AGACGGGGTYTCAC	STREME-8	2.2e-001	U6|chr2:131096880-131096986|III	22.88	tp	0
8-AGACGGGGTYTCAC	STREME-8	2.2e-001	CTCF-DT;ENSG00000280214|chr16:67549808-67551758|III	22.88	tp	0
8-AGACGGGGTYTCAC	STREME-8	2.2e-001	hY1_RNA-related|chr10:112365294-112367027|III	22.79	tp	0
8-AGACGGGGTYTCAC	STREME-8	2.2e-001	ERICH6-AS1|chr3:150726107-150726203|III	22.79	tp	1
8-AGACGGGGTYTCAC	STREME-8	2.2e-001	ORC2|chr2:200913450-200914986|III	22.43	tp	0
8-AGACGGGGTYTCAC	STREME-8	2.2e-001	U6atac|chr3:36984686-36984811|III	22.43	tp	0
8-AGACGGGGTYTCAC	STREME-8	2.2e-001	IRAK2|chr3:10207008-10209498|III	22.43	tp	0
8-AGACGGGGTYTCAC	STREME-8	2.2e-001	PRUNE2|chr9:76678170-76678206|III	22.19	tp	0
8-AGACGGGGTYTCAC	STREME-8	2.2e-001	ENSG00000295844|chr20:51951746-51951882|III	22.19	tp	0
8-AGACGGGGTYTCAC	STREME-8	2.2e-001	ENSG00000288560|chr6:113081892-113082057|III	22.07	tp	0
8-AGACGGGGTYTCAC	STREME-8	2.2e-001	ENSG00000291036|chr6:52967355-52970266|III	22.02	tp	0
8-AGACGGGGTYTCAC	STREME-8	2.2e-001	ENSG00000298897|chr9:42368936-42369042|III	21.84	tp	0
8-AGACGGGGTYTCAC	STREME-8	2.2e-001	RPF2|chr6:111026606-111028352|III	21.72	tp	0
8-AGACGGGGTYTCAC	STREME-8	2.2e-001	SCNN1B|chr16:23332478-23332632|III	21.55	tp	0
8-AGACGGGGTYTCAC	STREME-8	2.2e-001	U6-related|chr7:135226925-135229472|III	21.40	tp	1
8-AGACGGGGTYTCAC	STREME-8	2.2e-001	ENSG00000306499|chr10:8214318-8214371|III	21.35	tp	0
8-AGACGGGGTYTCAC	STREME-8	2.2e-001	LRMDA|chr10:76101967-76103416|III	21.35	tp	0
8-AGACGGGGTYTCAC	STREME-8	2.2e-001	ENSG00000301690;LINC02455|chr12:714602-714665|III	21.35	tp	0
8-AGACGGGGTYTCAC	STREME-8	2.2e-001	CRYL1|chr13:20471547-20471606|III	21.04	tp	0
8-AGACGGGGTYTCAC	STREME-8	2.2e-001	hY4_RNA-related|chr7:14008229-14010013|III	21.04	tp	0
8-AGACGGGGTYTCAC	STREME-8	2.2e-001	CDKL4|chr2:39220864-39223134|III	21.04	tp	0
8-AGACGGGGTYTCAC	STREME-8	2.2e-001	MEGF11|chr15:65916830-65920345|III	21.04	tp	0
8-AGACGGGGTYTCAC	STREME-8	2.2e-001	U6|chr7:67873013-67873044|III	20.92	tp	0
8-AGACGGGGTYTCAC	STREME-8	2.2e-001	RGPD8|chr2:112426720-112426780|III	20.92	tp	0
8-AGACGGGGTYTCAC	STREME-8	2.2e-001	TBC1D22B|chr6:37330122-37330293|III	19.60	tp	0
8-AGACGGGGTYTCAC	STREME-8	2.2e-001	ENSG00000309133|chr13:90198309-90204193|III	19.08	tp	0
8-AGACGGGGTYTCAC	STREME-8	2.2e-001	NUBPL|chr14:31739573-31743073|III	18.58	tp	0
8-AGACGGGGTYTCAC	STREME-8	2.2e-001	FAM185A;FBXL13;RNU6-1136P|chr7:102833607-102835474|III	18.19	tp	0
8-AGACGGGGTYTCAC	STREME-8	2.2e-001	SLC38A9|chr5:55629148-55629273|III	18.05	tp	0
8-AGACGGGGTYTCAC	STREME-8	2.2e-001	HY1|chr1:10982507-10982589|III	18.05	tp	0
8-AGACGGGGTYTCAC	STREME-8	2.2e-001	ENSG00000288109|chr17:67760318-67760487|III	17.64	tp	0
8-AGACGGGGTYTCAC	STREME-8	2.2e-001	SGO1-AS1|chr3:20346073-20348068|III	17.19	tp	0
8-AGACGGGGTYTCAC	STREME-8	2.2e-001	STAT3|chr17:42353488-42353613|III	17.11	tp	0
8-AGACGGGGTYTCAC	STREME-8	2.2e-001	EVL|chr14:100023634-100023843|III	16.82	tp	0
8-AGACGGGGTYTCAC	STREME-8	2.2e-001	PSMD7-DT|chr16:74130310-74130465|III	16.75	tp	0
8-AGACGGGGTYTCAC	STREME-8	2.2e-001	RPS6KA2|chr6:166567903-166569235|III	16.70	tp	0
8-AGACGGGGTYTCAC	STREME-8	2.2e-001	TANGO6|chr16:69036699-69036803|III	16.70	tp	0
8-AGACGGGGTYTCAC	STREME-8	2.2e-001	HS1BP3|chr2:20565108-20566647|III	16.70	tp	0
8-AGACGGGGTYTCAC	STREME-8	2.2e-001	7SK|chr1:81046786-81047021|III	15.69	tp	0
8-AGACGGGGTYTCAC	STREME-8	2.2e-001	U6|chrX:100775367-100775933|III	15.41	tp	0
8-AGACGGGGTYTCAC	STREME-8	2.2e-001	CNTNAP2|chr7:148289268-148293891|III	15.33	tp	0
8-AGACGGGGTYTCAC	STREME-8	2.2e-001	7SK|chr1:161376350-161376530|III	15.24	tp	0
8-AGACGGGGTYTCAC	STREME-8	2.2e-001	LINC00536|chr8:116216027-116216145|III	15.03	tp	0
8-AGACGGGGTYTCAC	STREME-8	2.2e-001	HY3|chr1:197817364-197817395|III	14.61	tp	1
8-AGACGGGGTYTCAC	STREME-8	2.2e-001	RGS5|chr1:163120505-163120616|III	14.08	tp	0
8-AGACGGGGTYTCAC	STREME-8	2.2e-001	ENSG00000240687|chr2:9664782-9666641|III	14.06	tp	0
8-AGACGGGGTYTCAC	STREME-8	2.2e-001	DGKI;RPL6P19|chr7:137722213-137723885|III	12.85	tp	0
8-AGACGGGGTYTCAC	STREME-8	2.2e-001	ENSG00000300479;LINC02245|chr2:64946937-64949131|III	12.14	tp	0
#
9-CCACCAYGCCYRGCT	STREME-9	2.4e-001	HPSE2|chr10:99167751-99169378|III	29.41	tp	0
9-CCACCAYGCCYRGCT	STREME-9	2.4e-001	CCZ1|chr7:5899588-5899642|III	29.41	tp	0
9-CCACCAYGCCYRGCT	STREME-9	2.4e-001	U6|chr1:28315098-28315139|III	29.24	tp	0
9-CCACCAYGCCYRGCT	STREME-9	2.4e-001	RPF2|chr6:111026606-111028352|III	26.19	tp	0
9-CCACCAYGCCYRGCT	STREME-9	2.4e-001	ENSG00000304694|chr3:125609227-125609315|III	26.19	tp	0
9-CCACCAYGCCYRGCT	STREME-9	2.4e-001	CDKL4|chr2:39220864-39223134|III	26.19	tp	0
9-CCACCAYGCCYRGCT	STREME-9	2.4e-001	UBAP2|chr9:34041252-34042784|III	26.19	tp	0
9-CCACCAYGCCYRGCT	STREME-9	2.4e-001	U6-related|chr7:135226925-135229472|III	26.19	tp	1
9-CCACCAYGCCYRGCT	STREME-9	2.4e-001	ENSG00000293401|chr2:112478371-112478578|III	26.03	tp	0
9-CCACCAYGCCYRGCT	STREME-9	2.4e-001	ENSG00000240687|chr2:9664782-9666641|III	26.03	tp	0
9-CCACCAYGCCYRGCT	STREME-9	2.4e-001	NUCB2|chr11:17293097-17293237|III	26.03	tp	0
9-CCACCAYGCCYRGCT	STREME-9	2.4e-001	hY3_RNA-related|chrX:40251855-40253082|III	26.03	tp	0
9-CCACCAYGCCYRGCT	STREME-9	2.4e-001	ENSG00000257943;ENSG00000289510;ENSG00000293398|chr12:95389784-95391255|III	26.03	tp	0
9-CCACCAYGCCYRGCT	STREME-9	2.4e-001	ENSG00000309133|chr13:90198309-90204193|III	25.82	tp	0
9-CCACCAYGCCYRGCT	STREME-9	2.4e-001	ACOT9|chrX:23708985-23710731|III	25.82	tp	0
9-CCACCAYGCCYRGCT	STREME-9	2.4e-001	CTCF-DT;ENSG00000280214|chr16:67549808-67551758|III	25.82	tp	0
9-CCACCAYGCCYRGCT	STREME-9	2.4e-001	hY1_RNA-related|chr10:112365294-112367027|III	25.38	tp	0
9-CCACCAYGCCYRGCT	STREME-9	2.4e-001	U6|chr2:131096880-131096986|III	24.69	tp	0
9-CCACCAYGCCYRGCT	STREME-9	2.4e-001	CNTNAP2|chr7:148268128-148271863|III	24.55	tp	0
9-CCACCAYGCCYRGCT	STREME-9	2.4e-001	RPS6KA2|chr6:166567903-166569235|III	24.38	tp	0
9-CCACCAYGCCYRGCT	STREME-9	2.4e-001	ENSG00000243953|chr3:154930672-154930770|III	23.85	tp	0
9-CCACCAYGCCYRGCT	STREME-9	2.4e-001	ORC2|chr2:200913450-200914986|III	23.35	tp	0
9-CCACCAYGCCYRGCT	STREME-9	2.4e-001	TREH|chr11:118665484-118665597|III	23.35	tp	0
9-CCACCAYGCCYRGCT	STREME-9	2.4e-001	ENSG00000295844|chr20:51951746-51951882|III	23.35	tp	0
9-CCACCAYGCCYRGCT	STREME-9	2.4e-001	ENSG00000300479;LINC02245|chr2:64946937-64949131|III	23.35	tp	0
9-CCACCAYGCCYRGCT	STREME-9	2.4e-001	LINC00862|chr1:200310611-200314056|III	23.35	tp	0
9-CCACCAYGCCYRGCT	STREME-9	2.4e-001	U6-related|chr8:30036232-30037848|III	23.35	tp	1
9-CCACCAYGCCYRGCT	STREME-9	2.4e-001	MLLT10|chr10:21663299-21664670|III	23.19	tp	0
9-CCACCAYGCCYRGCT	STREME-9	2.4e-001	7SK|chr20:37281005-37281164|III	23.19	tp	0
9-CCACCAYGCCYRGCT	STREME-9	2.4e-001	U6atac|chr3:36984686-36984811|III	22.60	tp	0
9-CCACCAYGCCYRGCT	STREME-9	2.4e-001	NCKAP5|chr2:132882977-132883074|III	22.60	tp	0
9-CCACCAYGCCYRGCT	STREME-9	2.4e-001	SEL1L2|chr20:13854071-13856065|III	22.60	tp	0
9-CCACCAYGCCYRGCT	STREME-9	2.4e-001	HY3|chr14:49375871-49375917|III	22.60	tp	0
9-CCACCAYGCCYRGCT	STREME-9	2.4e-001	PADI4|chr1:17357304-17357363|III	22.60	tp	0
9-CCACCAYGCCYRGCT	STREME-9	2.4e-001	IRAK2|chr3:10207008-10209498|III	22.55	tp	0
9-CCACCAYGCCYRGCT	STREME-9	2.4e-001	FRMD5|chr15:44000501-44000630|III	22.44	tp	0
9-CCACCAYGCCYRGCT	STREME-9	2.4e-001	ENSG00000288692|chr4:111132929-111133036|III	22.44	tp	0
9-CCACCAYGCCYRGCT	STREME-9	2.4e-001	ENSG00000288109|chr17:67760318-67760487|III	22.16	tp	0
9-CCACCAYGCCYRGCT	STREME-9	2.4e-001	MEGF11|chr15:65916830-65920345|III	22.16	tp	0
9-CCACCAYGCCYRGCT	STREME-9	2.4e-001	CD72;ENSG00000227933|chr9:35646655-35648861|III	22.06	tp	0
9-CCACCAYGCCYRGCT	STREME-9	2.4e-001	ENSG00000291036|chr6:52967355-52970266|III	22.00	tp	0
9-CCACCAYGCCYRGCT	STREME-9	2.4e-001	PSMD7-DT|chr16:74130310-74130465|III	22.00	tp	0
9-CCACCAYGCCYRGCT	STREME-9	2.4e-001	ENSG00000281938;MEIKIN|chr5:131810299-131812153|III	21.92	tp	0
9-CCACCAYGCCYRGCT	STREME-9	2.4e-001	EVL|chr14:100023634-100023843|III	21.66	tp	0
9-CCACCAYGCCYRGCT	STREME-9	2.4e-001	ENSG00000285693;ENSG00000293817|chr11:72807868-72807955|III	21.41	tp	0
9-CCACCAYGCCYRGCT	STREME-9	2.4e-001	ENSG00000306565;PSMD7-DT|chr16:74090102-74090257|III	21.41	tp	0
9-CCACCAYGCCYRGCT	STREME-9	2.4e-001	PCCA|chr13:100114259-100114326|III	21.41	tp	0
9-CCACCAYGCCYRGCT	STREME-9	2.4e-001	LINC00276|chr2:13980966-13982322|III	21.27	tp	0
9-CCACCAYGCCYRGCT	STREME-9	2.4e-001	CLTA;GNE|chr9:36221006-36221063|III	21.26	tp	0
9-CCACCAYGCCYRGCT	STREME-9	2.4e-001	ENSG00000248752|chr5:126083713-126085145|III	21.26	tp	0
9-CCACCAYGCCYRGCT	STREME-9	2.4e-001	RGS22|chr8:100013265-100013429|III	20.95	tp	0
9-CCACCAYGCCYRGCT	STREME-9	2.4e-001	U6|chr20:265602-265647|III	20.54	tp	0
9-CCACCAYGCCYRGCT	STREME-9	2.4e-001	GABRB1|chr4:47376488-47376730|III	20.39	tp	0
9-CCACCAYGCCYRGCT	STREME-9	2.4e-001	DMTF1|chr7:87163804-87163936|III	20.38	tp	0
9-CCACCAYGCCYRGCT	STREME-9	2.4e-001	U6|chr10:92749299-92749338|III	19.43	tp	0
9-CCACCAYGCCYRGCT	STREME-9	2.4e-001	ENSG00000288560|chr6:113081892-113082057|III	19.20	tp	0
9-CCACCAYGCCYRGCT	STREME-9	2.4e-001	U6|chrX:100775367-100775933|III	18.96	tp	0
9-CCACCAYGCCYRGCT	STREME-9	2.4e-001	ITPR2|chr12:26517519-26517735|III	18.84	tp	1
9-CCACCAYGCCYRGCT	STREME-9	2.4e-001	CLSTN2-AS1|chr3:140589207-140593197|III	18.48	tp	0
9-CCACCAYGCCYRGCT	STREME-9	2.4e-001	ACOT13|chr6:24689358-24689420|III	18.31	tp	0
9-CCACCAYGCCYRGCT	STREME-9	2.4e-001	ULK4|chr3:41700788-41702332|III	18.06	tp	0
9-CCACCAYGCCYRGCT	STREME-9	2.4e-001	LRMDA|chr10:76101967-76103416|III	18.06	tp	0
9-CCACCAYGCCYRGCT	STREME-9	2.4e-001	FBXO11|chr2:47862021-47862108|III	18.04	tp	0
9-CCACCAYGCCYRGCT	STREME-9	2.4e-001	SHANK1|chr19:50672534-50675004|III	17.40	tp	0
9-CCACCAYGCCYRGCT	STREME-9	2.4e-001	SIPA1L3|chr19:37915522-37915553|III	17.37	tp	0
9-CCACCAYGCCYRGCT	STREME-9	2.4e-001	CNTNAP2|chr7:148310513-148317088|III	17.29	tp	0
9-CCACCAYGCCYRGCT	STREME-9	2.4e-001	NMNAT2|chr1:183334183-183334319|III	17.23	tp	0
9-CCACCAYGCCYRGCT	STREME-9	2.4e-001	FAM185A;FBXL13;RNU6-1136P|chr7:102833607-102835474|III	17.13	tp	0
9-CCACCAYGCCYRGCT	STREME-9	2.4e-001	SCNN1B|chr16:23332478-23332632|III	16.61	tp	0
9-CCACCAYGCCYRGCT	STREME-9	2.4e-001	ENSG00000293372|chr8:8978493-8978554|III	16.43	tp	0
9-CCACCAYGCCYRGCT	STREME-9	2.4e-001	PCM1|chr8:17975374-17975595|III	16.18	tp	0
9-CCACCAYGCCYRGCT	STREME-9	2.4e-001	ARID3A|chr19:972384-972784|III	16.11	tp	0
9-CCACCAYGCCYRGCT	STREME-9	2.4e-001	LINC01994|chr3:182432218-182432325|III	16.10	tp	0
9-CCACCAYGCCYRGCT	STREME-9	2.4e-001	7SK|chrX:81736921-81737159|III	15.94	tp	0
9-CCACCAYGCCYRGCT	STREME-9	2.4e-001	NECTIN1-DT|chr11:119741608-119741802|III	15.06	tp	0
9-CCACCAYGCCYRGCT	STREME-9	2.4e-001	DUSP16|chr12:12562067-12562290|III	14.14	fp	1
9-CCACCAYGCCYRGCT	STREME-9	2.4e-001	NUBPL|chr14:31739573-31743073|III	14.02	tp	0
9-CCACCAYGCCYRGCT	STREME-9	2.4e-001	USP34|chr2:61282248-61282407|III	13.96	tp	1
9-CCACCAYGCCYRGCT	STREME-9	2.4e-001	LINC01681|chr1:170231409-170231581|III	13.80	tp	1
9-CCACCAYGCCYRGCT	STREME-9	2.4e-001	STK3|chr8:98792414-98792458|III	13.43	tp	0
9-CCACCAYGCCYRGCT	STREME-9	2.4e-001	DGKI;RPL6P19|chr7:137722213-137723885|III	13.35	tp	0
9-CCACCAYGCCYRGCT	STREME-9	2.4e-001	ADH1A;ENSG00000246090|chr4:99291543-99291753|III	12.89	tp	0
