GeneName,GeneGroup,Transcript_ID,EnsemblID,NCBI_Accession,Chromosome,Start,End
RN7SK,outliers,ENST00000636484.1,ENSG00000283293,NR_001445,chr6,52995621,52995948
RN7SKP111,outliers,ENST00000410349.1,ENSG00000222281,NG_045370,chr20,11818821,11819091
RN7SKP12,outliers,ENST00000516275.1,ENSG00000252084,NG_045853,chr1,242188647,242188789
RN7SKP123,outliers,ENST00000410732.1,ENSG00000222664,NG_043286,chr1,93026252,93026542
RN7SKP126,outliers,ENST00000411143.1,ENSG00000223075,NG_044747,chr1,192875686,192875985
RN7SKP131,outliers,ENST00000410698.2,ENSG00000222630,NG_043317,chr22,18605802,18606102
RN7SKP141,outliers,ENST00000516167.1,ENSG00000251976,NG_043351,chr2,136390332,136390669
RN7SKP159,outliers,ENST00000410657.1,ENSG00000222589,NG_043601,chr8,5910945,5911236
RN7SKP161,outliers,ENST00000411110.1,ENSG00000223042,NG_045446,chr12,10084186,10084490
RN7SKP166,outliers,ENST00000410812.1,ENSG00000222744,NG_044095,chr12,66292683,66292987
RN7SKP176,outliers,ENST00000363673.1,ENSG00000260682,NG_042888,chr16,81961926,81962243
RN7SKP179,outliers,ENST00000516126.1,ENSG00000251935,NG_044105,chr2,190553264,190553480
RN7SKP183,outliers,ENST00000517169.1,ENSG00000252978,NG_044888,chrX,20452108,20452431
RN7SKP187,outliers,ENST00000365536.1,ENSG00000202406,NG_041797,chr7,112288623,112288952
RN7SKP188,outliers,ENST00000410789.1,ENSG00000222721,NG_043521,chr4,167662986,167663302
RN7SKP203,outliers,ENST00000363618.1,ENSG00000200488,NG_043572,chr2,76445079,76445410
RN7SKP221,outliers,ENST00000410420.1,ENSG00000222352,NG_045524,chr22,21545344,21545644
RN7SKP233,outliers,ENST00000517005.1,ENSG00000252814,NG_043652,chr16,76287630,76287739
RN7SKP247,outliers,ENST00000411094.1,ENSG00000223026,NG_043721,chr1,81251789,81252096
RN7SKP253,outliers,ENST00000516424.1,ENSG00000252233,NG_045560,chr4,139794125,139794433
RN7SKP255,outliers,ENST00000363442.1,ENSG00000200312,NG_043752,chr14,89712511,89712823
RN7SKP258,outliers,ENST00000517151.1,ENSG00000252960,NG_045290,chr9,18651147,18651450
RN7SKP260,outliers,ENST00000516907.1,ENSG00000252716,NG_045094,chr2,206260066,206260214
RN7SKP261,outliers,ENST00000410948.1,ENSG00000222880,NG_043666,chr12,80343515,80343792
RN7SKP277,outliers,ENST00000516895.1,ENSG00000252704,NG_043832,chr7,121736443,121736725
RN7SKP281,outliers,ENST00000410472.1,ENSG00000222404,NG_045200,chr2,157298807,157299158
RN7SKP283,outliers,ENST00000517197.1,ENSG00000253006,NG_045098,chr2,229236340,229236609
RN7SKP35,outliers,ENST00000517210.1,ENSG00000253019,NG_045261,chr4,151576766,151576916
RN7SKP36,outliers,ENST00000363997.1,ENSG00000200867,NG_043516,chr4,7112088,7112399
RN7SKP38,outliers,ENST00000410782.1,ENSG00000222714,NG_045007,chr2,218500729,218501037
RN7SKP48,outliers,ENST00000365031.1,ENSG00000201901,NG_042996,chr4,85100496,85100823
RN7SKP49,outliers,ENST00000516675.1,ENSG00000252484,NG_044551,chr1,224107282,224107541
RN7SKP63,outliers,ENST00000363187.1,ENSG00000200057,NG_045295,chr22,21389191,21389491
RN7SKP64,outliers,ENST00000517206.1,ENSG00000253015,NG_044585,chr5,139333038,139333365
RN7SKP70,outliers,ENST00000516655.1,ENSG00000252464,NG_046350,chr5,178619728,178619998
RN7SKP80,outliers,ENST00000365188.1,ENSG00000202058,NG_045320,chr22,42565048,42565330
RN7SKP83,outliers,ENST00000516512.1,ENSG00000252321,NG_045019,chr2,85820435,85820612
RN7SKP85,outliers,ENST00000411349.1,ENSG00000223281,NG_043134,chr8,98921233,98921550
RN7SKP88,outliers,ENST00000516847.1,ENSG00000252656,NG_044649,chr1,148839483,148839732
RN7SL106P,outliers,ENST00000618104.1,ENSG00000273981,NG_045728,chr15,23165897,23166186
RN7SL121P,outliers,ENST00000584223.2,ENSG00000263974,NG_045744,chr19,2595019,2595291
RN7SL123P,outliers,ENST00000577239.2,ENSG00000266863,NG_044180,chr9,6661651,6661942
RN7SL128P,outliers,ENST00000467883.3,ENSG00000240869,NG_029591,chr6,20421583,20421887
RN7SL131P,outliers,ENST00000579043.2,ENSG00000264592,NG_043418,chr1,36191915,36192170
RN7SL134P,outliers,ENST00000579756.2,ENSG00000263360,NG_045765,chr16,82844455,82844757
RN7SL151P,outliers,ENST00000460537.3,ENSG00000244230,NG_070716,chr9,21699314,21699596
RN7SL154P,outliers,ENST00000578043.2,ENSG00000264317,NG_044262,chr19,34421988,34422311
RN7SL163P,outliers,ENST00000583100.2,ENSG00000266195,NG_044289,chr21,17506453,17506728
RN7SL174P,outliers,ENST00000475578.3,ENSG00000243333,NG_044332,chr5,119306343,119306631
RN7SL178P,outliers,ENST00000582930.2,ENSG00000263616,NG_044340,chr8,8582352,8582655
RN7SL185P,outliers,ENST00000615150.1,ENSG00000275776,NG_045816,chr15,32394365,32394613
RN7SL190P,outliers,ENST00000582519.2,ENSG00000264933,NG_044382,chrX,123811331,123811587
RN7SL196P,outliers,ENST00000614361.1,ENSG00000274424,NG_045829,chr15,30405307,30405597
RN7SL199P,outliers,ENST00000578752.1,ENSG00000265315,NG_045415,chr17,46537534,46537814
RN7SL231P,outliers,ENST00000461840.3,ENSG00000240803,NG_043630,chr19,14213052,14213323
RN7SL238P,outliers,ENST00000613832.1,ENSG00000276891,NG_045526,chr15,28387196,28387485
RN7SL275P,outliers,ENST00000582762.2,ENSG00000263940,NG_045091,chr4,110117736,110118070
RN7SL311P,outliers,ENST00000579858.2,ENSG00000265892,NG_043654,chr4,139185441,139185746
RN7SL317P,outliers,ENST00000497408.3,ENSG00000242668,NG_044761,chr19,53629713,53630041
RN7SL318P,outliers,ENST00000471955.1,ENSG00000242079,NG_043820,chr8,5142411,5142707
RN7SL319P,outliers,ENST00000480656.3,ENSG00000241807,NG_045974,chr15,75785134,75785354
RN7SL321P,outliers,ENST00000581742.2,ENSG00000277483,NG_045601,chr3,48379834,48380132
RN7SL32P,outliers,ENST00000580514.2,ENSG00000263941,NG_033988,chr2,233205199,233205479
RN7SL331P,outliers,ENST00000618054.1,ENSG00000278422,NG_045990,chr15,84205454,84205700
RN7SL337P,outliers,ENST00000462468.3,ENSG00000243488,NG_045612,chr19,14584095,14584395
RN7SL339P,outliers,ENST00000580597.2,ENSG00000265740,NG_044843,chr5,171359117,171359412
RN7SL371P,outliers,ENST00000578099.2,ENSG00000266210,NG_044287,chr1,30918469,30918735
RN7SL376P,outliers,ENST00000578594.2,ENSG00000265814,NG_043928,chr15,40615665,40615928
RN7SL381P,outliers,ENST00000577658.2,ENSG00000263968,NG_054715,chr16,85659378,85659675
RN7SL386P,outliers,ENST00000485776.3,ENSG00000273610,NG_045250,chr1,21987481,21987777
RN7SL387P,outliers,ENST00000581015.2,ENSG00000263537,NG_030381,chr12,110625645,110625917
RN7SL396P,outliers,ENST00000471086.3,ENSG00000244642,NG_042962,chr8,119862662,119862956
RN7SL417P,outliers,ENST00000459938.3,ENSG00000244056,NG_046397,chr15,84394072,84394336
RN7SL428P,outliers,ENST00000613848.1,ENSG00000277582,NG_045296,chr15,85210053,85210299
RN7SL429P,outliers,ENST00000479090.3,ENSG00000278604,NG_045301,chr15,74072454,74072676
RN7SL440P,outliers,ENST00000577855.2,ENSG00000264963,NG_044057,chr1,94150738,94151080
RN7SL451P,outliers,ENST00000583026.2,ENSG00000265141,NG_044886,chr1,8979576,8979874
RN7SL455P,outliers,ENST00000580629.2,ENSG00000264047,NG_008247,chr2,43904412,43904693
RN7SL468P,outliers,ENST00000582256.1,ENSG00000264833,NG_045133,chr2,119169822,119170115
RN7SL469P,outliers,ENST00000621501.1,ENSG00000277637,NG_045637,chr15,30143733,30143969
RN7SL471P,outliers,ENST00000580476.2,ENSG00000263426,NG_044132,chr6,28977475,28977773
RN7SL474P,outliers,ENST00000583485.2,ENSG00000264092,NG_044139,chr8,16863196,16863496
RN7SL484P,outliers,ENST00000462651.3,ENSG00000241588,NG_045371,chr15,99791209,99791410
RN7SL491P,outliers,ENST00000584748.2,ENSG00000264400,NG_045111,chr19,35414881,35415149
RN7SL495P,outliers,ENST00000616925.1,ENSG00000277515,NG_043277,chr15,22609141,22609377
RN7SL4P,outliers,ENST00000584058.2,ENSG00000263740,NG_002425,chr3,15738515,15738809
RN7SL517P,outliers,ENST00000462240.3,ENSG00000241939,NG_045773,chr3,43314951,43315255
RN7SL524P,outliers,ENST00000581152.2,ENSG00000266754,NG_044240,chr10,103974515,103974814
RN7SL525P,outliers,ENST00000579267.2,ENSG00000264910,NG_046945,chr19,58543299,58543578
RN7SL52P,outliers,ENST00000584271.2,ENSG00000264002,NG_043253,chr21,9902344,9902627
RN7SL531P,outliers,ENST00000578464.2,ENSG00000264071,NG_045045,chr2,43492032,43492313
RN7SL536P,outliers,ENST00000612366.1,ENSG00000278222,NG_045783,chr15,23363272,23363561
RN7SL544P,outliers,ENST00000617232.1,ENSG00000275230,NG_044275,chr9,62363581,62363864
RN7SL553P,outliers,ENST00000482215.3,ENSG00000241227,NG_043964,chr3,5252926,5253223
RN7SL560P,outliers,ENST00000577943.2,ENSG00000264438,NG_045454,chr9,128709780,128710043
RN7SL564P,outliers,ENST00000496309.3,ENSG00000240606,NG_043468,chr6,122745280,122745529
RN7SL565P,outliers,ENST00000618246.1,ENSG00000276562,NG_044329,chr9,41578903,41579186
RN7SL584P,outliers,ENST00000492309.3,ENSG00000239471,NG_043970,chr15,20095733,20096029
RN7SL592P,outliers,ENST00000585082.2,ENSG00000264615,NG_044390,chr9,2228961,2229241
RN7SL5P,outliers,ENST00000581458.2,ENSG00000265735,NG_002426,chr9,9442060,9442380
RN7SL602P,outliers,ENST00000578326.2,ENSG00000264352,NG_043573,chr2,34809233,34809556
RN7SL622P,outliers,ENST00000585292.2,ENSG00000265052,NG_045854,chr17,67977698,67977972
RN7SL628P,outliers,ENST00000619139.1,ENSG00000277467,NG_045525,chr15,30612724,30612960
RN7SL635P,outliers,ENST00000492123.3,ENSG00000243029,NG_043671,chr2,65545401,65545696
RN7SL640P,outliers,ENST00000622591.1,ENSG00000278825,NG_043685,chr9,39191100,39191360
RN7SL652P,outliers,ENST00000577769.2,ENSG00000265559,NG_043714,chr11,47557534,47557833
RN7SL656P,outliers,ENST00000579044.1,ENSG00000265411,NG_045542,chr17,46319679,46319959
RN7SL65P,outliers,ENST00000485221.3,ENSG00000243770,NG_045686,chr2,174240143,174240457
RN7SL66P,outliers,ENST00000582099.2,ENSG00000264030,NG_043726,chr2,10280628,10280891
RN7SL670P,outliers,ENST00000577235.2,ENSG00000264041,NG_007956,chr2,203259604,203259897
RN7SL673P,outliers,ENST00000616262.1,ENSG00000273818,NG_045684,chr15,30091662,30091898
RN7SL677P,outliers,ENST00000466970.3,ENSG00000242863,NG_043791,chr15,97353497,97353815
RN7SL681P,outliers,ENST00000482763.3,ENSG00000240966,NG_045582,chr4,87386883,87387174
RN7SL690P,outliers,ENST00000582087.2,ENSG00000264879,NG_045592,chr20,20316755,20316994
RN7SL693P,outliers,ENST00000579576.2,ENSG00000265272,NG_043847,chr19,58490797,58491075
RN7SL717P,outliers,ENST00000478343.3,ENSG00000240302,NG_045188,chr2,199901081,199901377
RN7SL718P,outliers,ENST00000581254.2,ENSG00000264423,NG_043903,chr19,41190927,41191229
RN7SL719P,outliers,ENST00000620196.1,ENSG00000274632,NG_045942,chr15,28703554,28703790
RN7SL722P,outliers,ENST00000617780.1,ENSG00000273940,NG_043909,chr9,61789143,61789426
RN7SL741P,outliers,ENST00000482473.3,ENSG00000242381,NG_042855,chr13,25944478,25944766
RN7SL753P,outliers,ENST00000581238.1,ENSG00000264275,NG_045114,chr2,202333439,202333728
RN7SL759P,outliers,ENST00000620768.1,ENSG00000278497,NG_045673,chr15,20570886,20571175
RN7SL763P,outliers,ENST00000620922.1,ENSG00000277774,NG_044764,chr9,39886861,39887144
RN7SL774P,outliers,ENST00000577467.2,ENSG00000263882,NG_045545,chr17,4364164,4364453
RN7SL778P,outliers,ENST00000607160.2,ENSG00000272412,NG_044036,chr11,130310180,130310476
RN7SL784P,outliers,ENST00000577319.2,ENSG00000264113,NG_028005,chr17,4882975,4883316
RN7SL787P,outliers,ENST00000613000.1,ENSG00000274098,NG_045127,chr9,67791499,67791782
RN7SL811P,outliers,ENST00000580735.2,ENSG00000265439,NG_028283,chr6,44209766,44210063
RN7SL814P,outliers,ENST00000487715.3,ENSG00000244326,NG_044872,chr5,74317986,74318285
RN7SL82P,outliers,ENST00000611435.1,ENSG00000278696,NG_045396,chr15,30800160,30800396
RN7SL832P,outliers,ENST00000607781.1,ENSG00000243819,NR_144555,chr2,10690344,10692099
RN7SL835P,outliers,ENST00000579920.2,ENSG00000264250,NG_044205,chr19,16907462,16907723
RN7SL842P,outliers,ENST00000477654.3,ENSG00000243066,NG_045774,chr19,14588357,14588656
RN7SL847P,outliers,ENST00000582819.2,ENSG00000265319,NG_045235,chr10,33034655,33034924
RN7SL850P,outliers,ENST00000579959.2,ENSG00000263955,NG_044255,chr16,4633591,4633881
RN7SL853P,outliers,ENST00000617250.1,ENSG00000274350,NG_045239,chr15,72664577,72664799
RN7SL92P,outliers,not found,ENSG00000265592,NG_045712,chr3,75713012,75713314
RN7SL96P,outliers,ENST00000582641.2,ENSG00000265905,NG_045092,chr2,38936876,38937158
RNU1-108P,outliers,ENST00000362556.1,ENSG00000199426,NG_047169,chr17,58666537,58666697
RNU1-114P,outliers,ENST00000365297.1,ENSG00000202167,NG_045920,chr1,143652050,143652215
RNU1-11P,outliers,ENST00000383975.1,ENSG00000206702,NG_001264,chr6,13214056,13214219
RNU1-125P,outliers,ENST00000516752.1,ENSG00000252561,NG_029254,chr16,3069523,3069651
RNU1-129P,outliers,ENST00000384064.1,ENSG00000206791,NG_044664,chr1,148014417,148014583
RNU1-136P,outliers,ENST00000384181.1,ENSG00000206908,NG_044677,chr6,53219261,53219424
RNU1-14P,outliers,ENST00000362759.1,ENSG00000199629,NG_001262,chr7,53366058,53366209
RNU1-152P,outliers,not found,not found,NG_046845,chr6,32576277,32576423
RNU1-154P,outliers,ENST00000580816.1,ENSG00000270384,NG_066034,chr1,145431527,145431693
RNU1-2,outliers,ENST00000384278.1,ENSG00000207005.1,NR_004427.1,chr1,16895980,16896143
RNU1-27P,outliers,ENST00000383869.1,ENSG00000206596,NR_004424,chr14,34546714,34546877
RNU1-28P,outliers,ENST00000383861.1,ENSG00000206588,NR_004402,chr14,34556226,34556389
RNU1-3,outliers,ENST00000384782.1,ENSG00000207513.1,NR_004408.1,chr1,16666785,16666948
RNU1-42P,outliers,ENST00000364033.1,ENSG00000200903,NG_044496,chr17,48949361,48949520
RNU1-52P,outliers,ENST00000384190.1,ENSG00000206917,NG_047169,chr17,58677574,58677737
RNU1-5P,outliers,ENST00000362684.1,ENSG00000277234,NG_046579,chr1,16873708,16873851
RNU1-61P,outliers,ENST00000516107.1,ENSG00000251916,NG_045441,chr6,32549940,32550090
RNU11-2P,outliers,ENST00000516898.1,ENSG00000252707,NG_033952,chr17,12036496,12036637
RNU11-3P,outliers,ENST00000391111.1,ENSG00000212413,NG_045873,chr10,103312436,103312568
RNU11-4P,outliers,ENST00000391149.1,ENSG00000212451,NG_043089,chr8,126671522,126671654
RNU11-5P,outliers,ENST00000391216.1,ENSG00000212518,NG_044509,chr14,29476784,29476912
RNU11-6P,outliers,ENST00000391127.1,ENSG00000212429,NG_045741,chr8,80749561,80749693
RNU12-2P,outliers,ENST00000364789.1,ENSG00000201659,NG_013273,chrX,47132671,47132826
RNU2-2,outliers,ENST00000410396.1,ENSG00000222328.1,NR_199791.1,chr11,62841619,62841809
RNU2-24P,outliers,ENST00000516830.1,ENSG00000252639,NG_043557,chr10,27193358,27193500
RNU2-39P,outliers,ENST00000410604.1,ENSG00000222536,NG_050967,chr2,72721806,72722003
RNU2-4P,outliers,ENST00000606190.1,ENSG00000277084,NG_001257,chr17,43387226,43387417
RNU2-58P,outliers,ENST00000516403.1,ENSG00000252212,NG_046008,chr17,59129276,59129458
RNU2-63P,outliers,ENST00000410792.2,ENSG00000222724.2,NR_199865.1,chr2,88016358,88016547
RNU2-70P,outliers,ENST00000410718.1,ENSG00000222650,NG_045549,chr1,236267780,236267958
RNU4-1,outliers,ENST00000363925.2,ENSG00000200795.2,NR_003925.2,chr12,120293093,120293237
RNU4-2,outliers,ENST00000365668.2,ENSG00000202538.2,NR_003137.3,chr12,120291759,120291903
RNU4-21P,outliers,ENST00000362802.1,ENSG00000199672,NG_045324,chr1,229535064,229535189
RNU4-62P,outliers,ENST00000410125.1,ENSG00000222057,NG_045952,chr3,121655475,121655604
RNU4-63P,outliers,ENST00000411313.1,ENSG00000223245,NG_044700,chr2,41871271,41871388
RNU4-65P,outliers,ENST00000410473.1,ENSG00000222405,NG_043243,chr12,70443784,70443923
RNU4-81P,outliers,ENST00000363561.1,ENSG00000200431,NG_015849,chrX,70450879,70451022
RNU4-86P,outliers,ENST00000410135.1,ENSG00000222067,NG_017156,chr11,126214260,126214478
RNU4ATAC10P,outliers,ENST00000516967.1,ENSG00000252776,NG_044341,chr11,122449210,122449331
RNU4ATAC11P,outliers,ENST00000515939.1,ENSG00000251748,NG_045260,chr9,33868540,33868665
RNU4ATAC12P,outliers,ENST00000516460.1,ENSG00000252269,NG_044497,chr12,132995190,132995302
RNU4ATAC13P,outliers,ENST00000515932.1,ENSG00000251741,NG_044351,chr5,113493835,113493960
RNU4ATAC14P,outliers,ENST00000516204.1,ENSG00000252013,NG_042959,chr14,75202081,75202169
RNU4ATAC15P,outliers,ENST00000516415.1,ENSG00000252224,NG_044361,chr9,33174170,33174295
RNU4ATAC16P,outliers,ENST00000408512.1,ENSG00000221439,NG_045266,chr12,781133,781258
RNU4ATAC18P,outliers,ENST00000516179.1,ENSG00000251988,NG_008729,chr6,159720415,159720540
RNU4ATAC2P,outliers,ENST00000408674.1,ENSG00000221601,NG_032648,chr5,159318042,159318167
RNU4ATAC4P,outliers,ENST00000516307.1,ENSG00000252116,NG_044315,chr1,67267601,67267726
RNU4ATAC5P,outliers,ENST00000517226.1,ENSG00000253035,NG_042935,chr11,122451474,122451599
RNU4ATAC9P,outliers,ENST00000517146.1,ENSG00000252955,NG_044333,chr4,72965178,72965303
RNU5A-8P,outliers,ENST00000364102.1,ENSG00000200972,NG_032618,chr1,210374154,210374267
RNU5B-5P,outliers,not found,not found,NG_007592,chr9,125425789,125425876
RNU5D-1,outliers,ENST00000363299.2,ENSG00000200169.2,NR_002755.4,chr1,44731069,44731170
RNU5E-1,outliers,ENST00000362477.2,ENSG00000199347.2,NR_002754.3,chr1,11908152,11908272
RNU5E-4P,outliers,ENST00000364931.1,ENSG00000201801,NG_032609,chr1,11909808,11909927
RNU5E-6P,outliers,ENST00000365574.1,ENSG00000202444,NG_013369,chr1,44819883,44819997
RNU5F-1,outliers,ENST00000362507.3,ENSG00000199377,NR_002753,chr1,44721785,44721901
RNU6-1004P,outliers,ENST00000516584.1,ENSG00000252393,NG_043985,chr12,121604902,121605012
RNU6-1024P,outliers,ENST00000384199.1,ENSG00000206926,NG_043692,chr3,15433110,15433216
RNU6-1049P,outliers,ENST00000516414.1,ENSG00000252223,NG_045595,chr2,130109204,130109310
RNU6-104P,outliers,ENST00000459597.1,ENSG00000238509,NG_046032,chr8,43303376,43303482
RNU6-1051P,outliers,ENST00000365471.1,ENSG00000202341,NG_043004,chr2,237015204,237015305
RNU6-1059P,outliers,ENST00000363752.1,ENSG00000200622,NG_044156,chr4,95868667,95868764
RNU6-1064P,outliers,ENST00000410626.1,ENSG00000222558,NG_043772,chr9,107797744,107797847
RNU6-1071P,outliers,ENST00000364919.1,ENSG00000201789,NG_043790,chr1,146288596,146288696
RNU6-1076P,outliers,ENST00000410397.1,ENSG00000222329,NG_044207,chr19,223158,223261
RNU6-1077P,outliers,ENST00000410506.1,ENSG00000222438,NG_044215,chr12,130869736,130869837
RNU6-1078P,outliers,ENST00000364522.1,ENSG00000201392,NG_043805,chrX,71965972,71966074
RNU6-1083P,outliers,ENST00000384022.1,ENSG00000206749,NG_045589,chr12,57806154,57806260
RNU6-1101P,outliers,ENST00000516244.1,ENSG00000252053,NG_044307,chr3,194533503,194533583
RNU6-110P,outliers,ENST00000384508.1,ENSG00000207237,NG_044929,chr1,25964197,25964300
RNU6-1146P,outliers,ENST00000516282.1,ENSG00000252091,NG_044471,chr20,56667430,56667531
RNU6-1151P,outliers,ENST00000384684.1,ENSG00000207415,NG_043973,chr8,9287472,9287578
RNU6-1171P,outliers,ENST00000516706.2,ENSG00000252515,NG_043072,chr1,148739379,148739479
RNU6-1175P,outliers,ENST00000365200.1,ENSG00000202070,NG_044564,chr11,70075363,70075469
RNU6-1176P,outliers,ENST00000390955.1,ENSG00000212257,NG_044034,chr1,65022968,65023074
RNU6-1177P,outliers,ENST00000391058.1,ENSG00000212360,NG_045255,chr1,61852499,61852602
RNU6-1180P,outliers,ENST00000364935.1,ENSG00000201805,NG_045124,chr2,113086805,113086911
RNU6-1189P,outliers,ENST00000383958.1,ENSG00000206685,NG_045259,chrX,47087506,47087612
RNU6-1191P,outliers,ENST00000516799.1,ENSG00000252608,NG_033236,chr16,81106533,81106639
RNU6-1194P,outliers,ENST00000516208.1,ENSG00000252017,NG_044083,chr3,282689,282792
RNU6-1199P,outliers,ENST00000411249.1,ENSG00000223181,NG_045923,chr1,758233,758336
RNU6-11P,outliers,ENST00000364234.1,ENSG00000201104,NG_045055,chr7,123790605,123790711
RNU6-1205P,outliers,ENST00000363625.1,ENSG00000200495,NG_044653,chr1,248912690,248912795
RNU6-1213P,outliers,ENST00000517075.1,ENSG00000252884,NG_044134,chr8,80405516,80405609
RNU6-1216P,outliers,ENST00000362590.2,ENSG00000199460,NG_045953,chr2,69182877,69182983
RNU6-1218P,outliers,ENST00000458990.1,ENSG00000239175,NG_044701,chr8,30043801,30043908
RNU6-1229P,outliers,ENST00000364295.1,ENSG00000201165,NG_044169,chr7,65023204,65023310
RNU6-1235P,outliers,ENST00000384559.1,ENSG00000207289,NG_043417,chr15,21307749,21307855
RNU6-1239P,outliers,ENST00000391310.1,ENSG00000212612,NG_045753,chr14,18978847,18978953
RNU6-1242P,outliers,ENST00000391052.1,ENSG00000212354,NG_045977,chr18,39678520,39678622
RNU6-1248P,outliers,ENST00000391096.1,ENSG00000212398,NG_044803,chr1,223690051,223690114
RNU6-125P,outliers,ENST00000384505.1,ENSG00000207234,NG_045254,chr1,88816779,88816885
RNU6-1264P,outliers,ENST00000383891.1,ENSG00000206618,NG_044854,chr17,6207163,6207269
RNU6-1268P,outliers,ENST00000391214.1,ENSG00000212516,NG_045285,chr14,19422815,19422921
RNU6-1269P,outliers,ENST00000391139.1,ENSG00000212441,NG_046018,chr9,40233923,40234029
RNU6-1276P,outliers,ENST00000365372.1,ENSG00000202242,NG_008117,chr8,27773645,27773748
RNU6-1278P,outliers,ENST00000516130.1,ENSG00000251939,NG_044910,chr18,46121615,46121721
RNU6-1279P,outliers,ENST00000383917.1,ENSG00000206644,NG_045287,chr3,196393710,196393812
RNU6-1292P,outliers,ENST00000383856.1,ENSG00000206583,NG_021375,chr11,85509938,85510044
RNU6-12P,outliers,ENST00000384604.1,ENSG00000207334,NG_043356,chr8,118976513,118976619
RNU6-1300P,outliers,ENST00000391046.1,ENSG00000212348,NG_042948,chr8,74048677,74048784
RNU6-1305P,outliers,ENST00000364353.1,ENSG00000201223,NG_045814,chr5,36155119,36155222
RNU6-1315P,outliers,ENST00000517187.1,ENSG00000252996,NG_043157,chr12,2954240,2954338
RNU6-1334P,outliers,ENST00000516032.1,ENSG00000251841,NG_043070,chrY,2784749,2784853
RNU6-13P,outliers,ENST00000384248.1,ENSG00000206975,NG_043232,chr8,56917084,56917190
RNU6-15P,outliers,ENST00000384534.1,ENSG00000207264,NR_028372,chr10,21321961,21322067
RNU6-16P,outliers,ENST00000384385.1,ENSG00000207113,NR_046486,chr11,88612805,88612911
RNU6-172P,outliers,ENST00000411000.1,ENSG00000222932,NG_045322,chr12,101796410,101796502
RNU6-187P,outliers,ENST00000384139.1,ENSG00000206866,NG_044622,chr2,176929985,176930090
RNU6-18P,outliers,ENST00000384527.1,ENSG00000207257,NG_043466,chr15,32284152,32284258
RNU6-194P,outliers,ENST00000363862.1,ENSG00000200732,NG_043200,chr6,119327281,119327385
RNU6-2,outliers,ENST00000384627.1,ENSG00000207357.1,NR_125730.1,chr19,1021522,1021628
RNU6-202P,outliers,ENST00000515998.1,ENSG00000251807,NG_016754,chrX,41919254,41919349
RNU6-206P,outliers,ENST00000384116.1,ENSG00000206843,NG_044638,chr7,139315291,139315394
RNU6-218P,outliers,ENST00000517120.1,ENSG00000252929,NG_043302,chr7,6057500,6057604
RNU6-231P,outliers,ENST00000517122.1,ENSG00000252931,NG_043709,chr15,85821855,85821957
RNU6-23P,outliers,ENST00000363283.1,ENSG00000200153,NR_046488,chr16,70445293,70445399
RNU6-254P,outliers,ENST00000363377.1,ENSG00000200247,NG_043431,chr12,19445949,19446055
RNU6-25P,outliers,ENST00000383873.1,ENSG00000206600,NG_043441,chr3,195214787,195214893
RNU6-262P,outliers,ENST00000410317.1,ENSG00000222249,NG_016808,chr11,119289562,119289677
RNU6-275P,outliers,ENST00000364910.1,ENSG00000201780,NG_043821,chr12,8484746,8484852
RNU6-276P,outliers,ENST00000516114.1,ENSG00000251923,NG_043504,chr4,55798636,55798731
RNU6-289P,outliers,ENST00000364093.1,ENSG00000200963,NG_043555,chr4,111331412,111331518
RNU6-312P,outliers,ENST00000364629.1,ENSG00000201499,NG_045523,chr2,200881715,200881821
RNU6-319P,outliers,ENST00000516025.1,ENSG00000251834,NG_043922,chr9,15431899,15432006
RNU6-325P,outliers,ENST00000411132.1,ENSG00000223064,NG_042949,chr10,85537379,85537483
RNU6-328P,outliers,ENST00000390887.1,ENSG00000212189,NG_011881,chr16,7004007,7004112
RNU6-335P,outliers,ENST00000364563.1,ENSG00000201433,NG_043707,chr4,183675603,183675715
RNU6-34P,outliers,ENST00000364874.1,ENSG00000201744,NR_046492,chr4,96152297,96152403
RNU6-353P,outliers,ENST00000364266.1,ENSG00000201136,NG_045572,chr15,43702363,43702470
RNU6-360P,outliers,ENST00000390944.1,ENSG00000212246,NG_045578,chr2,208019638,208019741
RNU6-368P,outliers,ENST00000620928.1,ENSG00000278551,NG_045586,chr9,67869947,67870053
RNU6-369P,outliers,ENST00000362515.1,ENSG00000199385,NG_043825,chr1,44390722,44390823
RNU6-36P,outliers,ENST00000384172.1,ENSG00000206899,NR_046494,chr12,97721716,97721822
RNU6-370P,outliers,ENST00000411008.1,ENSG00000222940,NG_045123,chr2,24045835,24045938
RNU6-37P,outliers,ENST00000362692.1,ENSG00000199562,NG_008069,chr1,10298966,10299072
RNU6-381P,outliers,ENST00000391259.1,ENSG00000212561,NG_044429,chr5,44066624,44066731
RNU6-395P,outliers,ENST00000365662.1,ENSG00000202532,NG_045106,chr2,127845236,127845341
RNU6-397P,outliers,ENST00000516226.1,ENSG00000252035,NG_008899,chr8,14487776,14487879
RNU6-417P,outliers,ENST00000384712.1,ENSG00000207443,NG_043961,chr7,63011463,63011569
RNU6-41P,outliers,ENST00000384741.1,ENSG00000207472,NG_043436,chr1,182982212,182982318
RNU6-428P,outliers,ENST00000362942.1,ENSG00000199812,NG_044734,chr3,146571477,146571583
RNU6-42P,outliers,ENST00000384165.1,ENSG00000206892,NR_028373,chr3,196784980,196785086
RNU6-437P,outliers,ENST00000459408.1,ENSG00000238420,NG_044029,chr6,107930088,107930182
RNU6-450P,outliers,ENST00000364654.1,ENSG00000201524,NG_044235,chr17,59847438,59847544
RNU6-457P,outliers,ENST00000363999.1,ENSG00000200869,NG_045708,chr16,6873899,6874005
RNU6-458P,outliers,ENST00000384179.1,ENSG00000206906,NG_044259,chr14,18343038,18343144
RNU6-465P,outliers,ENST00000384420.1,ENSG00000207149,NG_044276,chr1,120126974,120127074
RNU6-46P,outliers,ENST00000383860.1,ENSG00000206587,NR_046497,chr11,67895631,67895737
RNU6-473P,outliers,ENST00000516164.1,ENSG00000251973,NG_045737,chr2,130497743,130497849
RNU6-482P,outliers,ENST00000391068.1,ENSG00000212370,NG_008481,chr5,112778363,112778469
RNU6-484P,outliers,ENST00000384016.1,ENSG00000206743,NG_044198,chr5,37700331,37700437
RNU6-490P,outliers,ENST00000362985.1,ENSG00000199855,NG_045767,chr10,27088321,27088427
RNU6-499P,outliers,ENST00000365615.1,ENSG00000202485,NG_044246,chr4,82174547,82174653
RNU6-510P,outliers,ENST00000391239.1,ENSG00000212541,NG_044412,chr1,37991462,37991569
RNU6-513P,outliers,ENST00000516104.1,ENSG00000251913,NG_045837,chr22,42569147,42569250
RNU6-516P,outliers,ENST00000411381.1,ENSG00000223313,NG_044306,chr15,40529570,40529673
RNU6-537P,outliers,ENST00000517277.1,ENSG00000253086,NG_044393,chr1,11152350,11152452
RNU6-543P,outliers,ENST00000362576.1,ENSG00000199446,NG_044418,chr10,63110139,63110246
RNU6-544P,outliers,ENST00000363276.1,ENSG00000200146,NG_044495,chr11,80527960,80528066
RNU6-553P,outliers,ENST00000364047.1,ENSG00000200917,NG_045176,chr4,105406997,105407092
RNU6-558P,outliers,ENST00000364512.1,ENSG00000201382,NG_045885,chr12,116782105,116782208
RNU6-56P,outliers,ENST00000516986.1,ENSG00000252795,NR_046930,chr13,38779424,38779516
RNU6-602P,outliers,ENST00000411155.2,ENSG00000223087,NG_028349,chr14,31662039,31662143
RNU6-604P,outliers,ENST00000390917.1,ENSG00000212219,NG_045184,chr7,151900275,151900374
RNU6-628P,outliers,ENST00000410675.1,ENSG00000222607,NG_042999,chr8,123262843,123262949
RNU6-631P,outliers,ENST00000363920.1,ENSG00000200790,NG_045959,chr15,21866210,21866316
RNU6-648P,outliers,ENST00000410190.1,ENSG00000222122,NG_044786,chrX,115032427,115032533
RNU6-649P,outliers,ENST00000384463.1,ENSG00000207192,NG_044795,chr2,4945277,4945383
RNU6-650P,outliers,ENST00000365658.1,ENSG00000202528,NG_045197,chr7,149033057,149033167
RNU6-656P,outliers,ENST00000516785.1,ENSG00000252594,NG_044821,chr8,46831050,46831156
RNU6-666P,outliers,ENST00000363499.1,ENSG00000200369,NG_044619,chr10,27315120,27315226
RNU6-693P,outliers,ENST00000516134.1,ENSG00000251943,NG_044873,chr1,172613428,172613534
RNU6-696P,outliers,ENST00000390834.1,ENSG00000212136,NG_042909,chr21,37045530,37045636
RNU6-703P,outliers,ENST00000516946.1,ENSG00000252755,NG_042930,chr8,98048856,98048962
RNU6-708P,outliers,ENST00000384217.1,ENSG00000206944,NG_044635,chr18,48169784,48169890
RNU6-716P,outliers,ENST00000365621.1,ENSG00000202491,NG_042989,chr1,200008505,200008607
RNU6-720P,outliers,ENST00000516363.1,ENSG00000252172,NG_043008,chr3,149917342,149917449
RNU6-729P,outliers,ENST00000384399.1,ENSG00000207128,NG_042918,chr8,10476223,10476329
RNU6-73P,outliers,ENST00000384600.1,ENSG00000207330,NG_044010,chr13,27828763,27828869
RNU6-743P,outliers,ENST00000364151.1,ENSG00000201021,NG_044655,chr20,43405473,43405578
RNU6-749P,outliers,ENST00000459351.1,ENSG00000238489,NG_045936,chr15,20855251,20855357
RNU6-751P,outliers,ENST00000516382.1,ENSG00000252191,NG_043120,chr19,53749851,53749951
RNU6-756P,outliers,ENST00000383997.1,ENSG00000206724,NG_045330,chr8,124260646,124260752
RNU6-758P,outliers,ENST00000516292.2,ENSG00000252101,NG_042993,chr16,75286712,75286800
RNU6-759P,outliers,ENST00000516740.1,ENSG00000252549,NG_045023,chr20,35647328,35647430
RNU6-760P,outliers,ENST00000516078.2,ENSG00000251887,NG_045279,chr5,31832439,31832535
RNU6-777P,outliers,ENST00000364265.1,ENSG00000201135,NG_043057,chr1,12077881,12077984
RNU6-781P,outliers,ENST00000516377.1,ENSG00000252186,NG_043230,chr12,6709452,6709552
RNU6-785P,outliers,ENST00000411324.1,ENSG00000223256,NG_043250,chr9,138259595,138259698
RNU6-789P,outliers,ENST00000517105.1,ENSG00000252914,NG_045379,chr3,136721394,136721495
RNU6-816P,outliers,ENST00000390914.1,ENSG00000212216,NG_045291,chr22,15701459,15701565
RNU6-822P,outliers,ENST00000362707.1,ENSG00000199577,NG_043390,chr3,20268965,20269070
RNU6-830P,outliers,ENST00000516353.1,ENSG00000252162,NG_044720,chr1,55398514,55398620
RNU6-839P,outliers,ENST00000363347.1,ENSG00000200217,NG_043223,chr10,109239639,109239746
RNU6-842P,outliers,ENST00000384269.1,ENSG00000206996,NG_043235,chr8,13044350,13044456
RNU6-848P,outliers,ENST00000515948.1,ENSG00000251757,NG_045464,chr2,130622838,130622944
RNU6-855P,outliers,ENST00000410395.1,ENSG00000222327,NG_043496,chr9,112137797,112137900
RNU6-857P,outliers,ENST00000515893.1,ENSG00000251702,NG_044739,chr18,30984106,30984215
RNU6-884P,outliers,ENST00000363889.1,ENSG00000200759,NG_043606,chr1,151022746,151022852
RNU6-9,outliers,ENST00000384776.1,ENSG00000207507.1,NR_104080.1,chr19,893484,893590
RNU6-903P,outliers,ENST00000391270.1,ENSG00000212572,NG_043376,chr18,9617964,9618072
RNU6-913P,outliers,ENST00000390913.1,ENSG00000212215,NG_045438,chr5,61664145,61664239
RNU6-927P,outliers,ENST00000516199.1,ENSG00000252008,NG_043746,chr12,124901512,124901611
RNU6-951P,outliers,ENST00000362733.1,ENSG00000199603,NG_043501,chr2,38147415,38147521
RNU6-956P,outliers,ENST00000458868.1,ENSG00000239030,NG_045015,chr7,94712409,94712511
RNU6-969P,outliers,ENST00000383900.1,ENSG00000206627,NG_043880,chr1,52805108,52805212
RNU6-976P,outliers,ENST00000516086.1,ENSG00000251895,NG_043570,chr14,84739942,84740052
RNU6-980P,outliers,ENST00000516925.1,ENSG00000252734,NG_043578,chr19,53732981,53733083
RNU6-982P,outliers,ENST00000516216.1,ENSG00000252025,NG_043402,chr19,53745004,53745105
RNU6-985P,outliers,ENST00000410182.1,ENSG00000222114,NG_043927,chrX,137687891,137687994
RNU6-987P,outliers,ENST00000384759.1,ENSG00000207490,NG_045643,chr6,25383599,25383702
RNU6-988P,outliers,ENST00000519081.1,ENSG00000253437,NG_045646,chr8,38122374,38122480
RNU6-991P,outliers,ENST00000516168.1,ENSG00000251977,NG_043949,chr1,8292157,8292263
RNU6-994P,outliers,ENST00000410507.1,ENSG00000222439,NG_043962,chr20,63337339,63337449
RNU6ATAC10P,outliers,ENST00000408635.1,ENSG00000221562,NG_045726,chr5,129974891,129975001
RNU6ATAC11P,outliers,ENST00000408541.1,ENSG00000221468,NG_042984,chr10,43341786,43341910
RNU6ATAC15P,outliers,ENST00000408279.1,ENSG00000221206,NG_044516,chr3,110551845,110551965
RNU6ATAC16P,outliers,ENST00000408591.1,ENSG00000221518,NG_044409,chr3,52560570,52560707
RNU6ATAC18P,outliers,ENST00000408413.1,ENSG00000221340,NG_044417,chr1,12569972,12570072
RNU6ATAC20P,outliers,ENST00000408436.1,ENSG00000221363,NG_044146,chr18,22130603,22130729
RNU6ATAC21P,outliers,ENST00000408656.1,ENSG00000221583,NG_044426,chr6,10222036,10222161
RNU6ATAC23P,outliers,ENST00000408448.1,ENSG00000221375,NG_043019,chrX,139885481,139885603
RNU6ATAC25P,outliers,ENST00000408798.1,ENSG00000221725,NG_033116,chr16,70852698,70852814
RNU6ATAC26P,outliers,ENST00000388106.1,ENSG00000210841,NG_044151,chr3,57619447,57619572
RNU6ATAC27P,outliers,ENST00000408289.1,ENSG00000221216,NG_045288,chr1,28481362,28481480
RNU6ATAC29P,outliers,ENST00000408088.1,ENSG00000221015,NG_043037,chr3,51611438,51611562
RNU6ATAC2P,outliers,ENST00000387943.1,ENSG00000210678,NG_007720,chr5,56297564,56297689
RNU6ATAC30P,outliers,ENST00000408187.1,ENSG00000221114,NG_044524,chr14,49684544,49684665
RNU6ATAC31P,outliers,ENST00000408513.1,ENSG00000221440,NG_045013,chr4,88206427,88206552
RNU6ATAC33P,outliers,ENST00000408647.1,ENSG00000221574,NG_043056,chr11,10399192,10399317
RNU6ATAC34P,outliers,ENST00000408879.1,ENSG00000221806,NG_044460,chr20,18611047,18611167
RNU6ATAC37P,outliers,ENST00000408328.1,ENSG00000221255,NG_044469,chr2,7576841,7576971
RNU6ATAC38P,outliers,ENST00000408119.1,ENSG00000221046,NG_044477,chr20,45778698,45778823
RNU6ATAC3P,outliers,ENST00000387974.1,ENSG00000210709,NG_007721,chr17,46921124,46921249
RNU6ATAC41P,outliers,ENST00000408600.1,ENSG00000221527,NG_044533,chr8,100739802,100739927
RNU6ATAC4P,outliers,ENST00000387446.1,ENSG00000210181,NG_007722,chr3,36968191,36968316
RNU6ATAC5P,outliers,ENST00000388104.1,ENSG00000210839,NG_007723,chr4,73026748,73026873
RNU6ATAC6P,outliers,ENST00000408132.1,ENSG00000221059,NG_044367,chr3,87910220,87910345
RNU6ATAC7P,outliers,ENST00000408111.1,ENSG00000221038,NG_044373,chr17,31563768,31563894
RNU6ATAC8P,outliers,ENST00000408460.1,ENSG00000221387,NG_042978,chr8,102421197,102421322
RNU6V,outliers,ENST00000384105.1,ENSG00000206832,NG_009877,chr1,109591534,109591640
RNU7-1,outliers,ENST00000458811.1,ENSG00000238923.1,NR_023317.1,chr12,6943816,6943878
RNU7-10P,outliers,ENST00000607194.1,ENSG00000271841,NG_007597,chr3,17664963,17665025
RNU7-115P,outliers,ENST00000516433.1,ENSG00000252242,NG_045931,chr17,64825765,64825819
RNU7-128P,outliers,ENST00000517247.1,ENSG00000253056,NG_044319,chr3,48180328,48180389
RNU7-172P,outliers,ENST00000517125.1,ENSG00000252934,NG_044396,chr2,54166944,54167007
RNU7-180P,outliers,ENST00000459240.1,ENSG00000238374,NG_044411,chr5,146245191,146245253
RNU7-190P,outliers,ENST00000459241.1,ENSG00000239185,NG_044874,chr2,117139715,117139775
RNU7-33P,outliers,not found,not found,NG_007627,chr4,3078484,3078542
RNU7-35P,outliers,ENST00000517174.1,ENSG00000252983,NG_007629,chr7,43194421,43194482
RNU7-36P,outliers,not found,not found,NG_007630,chr9,34018266,34018320
RNU7-40P,outliers,ENST00000516397.1,ENSG00000252206,NG_007634,chr12,56352387,56352450
RNU7-41P,outliers,ENST00000515917.1,ENSG00000251726,NG_007635,chr14,34845300,34845360
RNU7-49P,outliers,ENST00000516182.1,ENSG00000251991,NG_007643,chr11,14478892,14478953
RNU7-99P,outliers,ENST00000516271.1,ENSG00000252080,NG_045789,chr16,6748908,6748969
RNVU1-14,outliers,ENST00000384770.1,ENSG00000207501,NR_104075,chr1,145281116,145281279
RNVU1-15,outliers,ENST00000384476.1,ENSG00000207205,NR_104076,chr1,144412576,144412740
RNVU1-19,outliers,ENST00000613023.1,ENSG00000275538,NR_104086,chr1,120850819,120850985
RNVU1-21,outliers,ENST00000365538.2,ENSG00000202408,NG_043425,chr1,148334612,148334767
RNVU1-22,outliers,ENST00000363009.1,ENSG00000199879,NG_044643,chr1,148263476,148263632
RNVU1-6,outliers,ENST00000364688.1,ENSG00000201558,NR_104085,chr1,146052081,146052244
RNVU1-7,outliers,ENST00000383858.1,ENSG00000206585,NR_004426,chr1,148038753,148038916
RNVU1-8,outliers,ENST00000651973.1,ENSG00000286172,NR_121645,chr1,147084616,147084756
RNY1P1,outliers,ENST00000364372.1,ENSG00000201242,NG_032587,chr13,27402476,27402587
RNY1P10,outliers,ENST00000363268.1,ENSG00000200138,NG_044326,chr16,28183318,28183430
RNY1P9,outliers,ENST00000532431.1,ENSG00000255156,NG_033992,chr22,20475203,20475311
RNY3P10,outliers,ENST00000384764.1,ENSG00000207495,NG_032600,chr13,69802940,69803041
RNY3P16,outliers,ENST00000516338.1,ENSG00000252147,NG_045036,chrX,119456558,119456658
RNY3P6,outliers,not found,not found,NG_032595,chr13,99536319,99536396
RNY3P8,outliers,ENST00000411366.1,ENSG00000223298,NG_043982,chr13,95310830,95310955
RNY4P16,outliers,ENST00000364768.2,ENSG00000201638,NG_021236,chr1,234837976,234838069
RNY4P24,outliers,ENST00000362735.1,ENSG00000199605,NG_047168,chr13,52400004,52400099
RNY4P34,outliers,ENST00000364779.1,ENSG00000201649,NG_045038,chr2,200373175,200373269
SNORA70,outliers,ENST00000384436.1,ENSG00000207165,NR_000011,chrX,154400281,154400415
SNORD13,outliers,ENST00000459299.1,ENSG00000239039,NR_003041,chr8,33513475,33513578
SNORD41,outliers,ENST00000386967.1,ENSG00000209702,NR_002751,chr19,12706449,12706518
TRA-AGC15-1,outliers,not found,not found,not found,chr14,88979098,88979170
TRA-AGC23-1,outliers,not found,not found,NG_008526,chr6,28778767,28778838
TRA-AGC9-1,outliers,not found,not found,not found,chr6,26730534,26730606
TRA-TGC10-1,outliers,not found,not found,NG_008527,chr11,60996036,60996105
TRA-TGC9-1,outliers,not found,not found,NG_008587,chr6,28634082,28634153
TRC-GCA14-1,outliers,not found,not found,not found,chr17,38861684,38861755
TRC-GCA25-1,outliers,not found,not found,NG_008503,chr3,17699900,17699972
TRC-GCA7-1,outliers,not found,not found,not found,chr1,93516277,93516349
TRD-GTC10-1,outliers,not found,not found,NG_012066,chr1,161523145,161523216
TRD-GTC2-1,outliers,not found,not found,not found,chr1,161440825,161440896
TRD-GTC2-2,outliers,not found,not found,not found,chr1,161448243,161448314
TRD-GTC2-3,outliers,not found,not found,not found,chr1,161455624,161455695
TRD-GTC2-4,outliers,not found,not found,not found,chr1,161463034,161463105
TRD-GTC2-5,outliers,not found,not found,not found,chr1,161470415,161470486
TRE-CTC1-2,outliers,not found,not found,not found,chr1,161447228,161447299
TRE-CTC1-3,outliers,not found,not found,not found,chr1,161454608,161454679
TRE-CTC1-4,outliers,not found,not found,not found,chr1,161462019,161462090
TRE-CTC1-5,outliers,not found,not found,not found,chr1,161469399,161469470
TRE-CTC1-6,outliers,not found,not found,not found,chr6,28982199,28982270
TRE-CTC11-1,outliers,not found,not found,NG_008546,chr8,11935871,11935942
TRE-CTC12-1,outliers,not found,not found,NG_008496,chr3,104160680,104160751
TRE-CTC13-1,outliers,not found,not found,NG_008516,chr2,95551446,95551517
TRE-CTC14-1,outliers,not found,not found,NG_008506,chr8,69160105,69160179
TRE-CTC15-1,outliers,not found,not found,NG_008585,chr2,71046358,71046430
TRE-CTC4-1,outliers,not found,not found,NG_008564,chr13,57884416,57884487
TRE-CTC9-1,outliers,not found,not found,NG_008552,chr2,150362763,150362835
TRE-TTC10-1,outliers,not found,not found,NG_008510,chr1,145176839,145177111
TRE-TTC14-1,outliers,not found,not found,NG_008543,chr1,147078630,147078701
TRE-TTC15-1,outliers,not found,not found,NG_008542,chr6,162788982,162789050
TRE-TTC4-2,outliers,not found,not found,not found,chr1,161422093,161422164
TRE-TTC6-1,outliers,not found,not found,NG_008523,chr1,148308922,148308993
TRE-TTC7-1,outliers,not found,not found,NG_008514,chr1,143666988,143667059
TRG-CCC4-1,outliers,not found,not found,not found,chr1,16678271,16678341
TRG-CCC5-1,outliers,not found,not found,not found,chr1,16727285,16727355
TRG-CCC7-1,outliers,not found,not found,NG_029429,chr2,11551701,11551772
TRG-GCC1-4,outliers,not found,not found,not found,chr1,161465468,161465538
TRG-GCC2-1,outliers,not found,not found,not found,chr1,161523847,161523917
TRG-TCC2-2,outliers,not found,not found,not found,chr1,161447585,161447656
TRG-TCC2-3,outliers,not found,not found,not found,chr1,161454966,161455037
TRG-TCC2-4,outliers,not found,not found,not found,chr1,161462376,161462447
TRG-TCC2-5,outliers,not found,not found,not found,chr1,161469757,161469828
TRG-TCC2-6,outliers,not found,not found,not found,chr1,161531113,161531184
TRG-TCC4-1,outliers,not found,not found,not found,chr1,161440171,161440242
TRK-CTT13-1,outliers,not found,not found,NG_008599,chr1,165596913,165596985
TRK-CTT14-1,outliers,not found,not found,NG_008525,chr16,3196153,3196225
TRK-CTT5-1,outliers,not found,not found,not found,chr16,3180554,3180626
TRK-CTT6-1,outliers,not found,not found,not found,chr18,46089305,46089377
TRK-CTT7-1,outliers,not found,not found,not found,chr1,54957869,54957941
TRK-CTT9-1,outliers,not found,not found,not found,chr5,26198430,26198502
TRK-TTT14-1,outliers,not found,not found,NG_008572,chr14,73588825,73588897
TRK-TTT2-1,outliers,not found,not found,not found,chr11,122559947,122560019
TRK-TTT7-1,outliers,not found,not found,not found,chr6,28747744,28747816
TRK-TTT8-1,outliers,not found,not found,not found,chr1,205474143,205474215
TRL-AAG1-1,outliers,not found,not found,not found,chr5,181097474,181097555
TRL-AAG1-2,outliers,not found,not found,not found,chr5,181101840,181101921
TRL-CAA5-1,outliers,not found,not found,not found,chr11,9275243,9275316
TRL-CAA6-1,outliers,not found,not found,not found,chr1,161611946,161612029
TRL-CAA7-1,outliers,not found,not found,NG_052602,chr10,34302488,34302555
TRL-CAG1-1,outliers,not found,not found,not found,chr1,161441533,161441615
TRL-CAG1-2,outliers,not found,not found,not found,chr1,161448951,161449033
TRL-CAG1-3,outliers,not found,not found,not found,chr1,161456332,161456414
TRL-CAG1-4,outliers,not found,not found,not found,chr1,161463742,161463824
TRL-CAG1-5,outliers,not found,not found,not found,chr1,161471123,161471205
TRL-CAG1-6,outliers,not found,not found,not found,chr1,161530342,161530424
TRL-TAA4-1,outliers,not found,not found,not found,chr6,27230555,27230637
TRMT112P8,outliers,ENST00000417397.2,ENSG00000233388,NG_028854,chr22,35501861,35503586
TRN-GTT1-1,outliers,not found,not found,not found,chr1,161540241,161540314
TRN-GTT2-7,outliers,not found,not found,not found,chr1,145287766,145287839
TRN-GTT2-8,outliers,not found,not found,not found,chr1,144567515,144567588
TRP-AGG1-1,outliers,not found,not found,not found,chr16,3191989,3192060
TRP-AGG2-6,outliers,not found,not found,not found,chr14,20613401,20613472
TRP-AGG2-7,outliers,not found,not found,not found,chr16,3182635,3182706
TRP-AGG5-1,outliers,not found,not found,NG_008540,chr2,77668467,77668537
TRP-AGG6-1,outliers,not found,not found,NG_008534,chr16,3152608,3152679
TRP-GGG1-1,outliers,not found,not found,NG_008512,chr10,22563650,22563722
TRQ-CTG1-3,outliers,not found,not found,not found,chr6,28941601,28941672
TRQ-CTG9-1,outliers,not found,not found,NG_008589,chr1,148353561,148353632
TRQ-TTG8-1,outliers,not found,not found,NG_008563,chr19,9039680,9039752
TRQ-TTG9-1,outliers,not found,not found,NG_008567,chr12,97096913,97096986
TRR-CCT6-2,outliers,not found,not found,NG_008505,chr1,148011059,148011129
TRR-CCT8-1,outliers,not found,not found,NG_008560,chr1,149756721,149756791
TRS-ACT1-1,outliers,not found,not found,NG_008584,chr6,27293892,27293965
TRS-AGA7-1,outliers,not found,not found,NG_008545,chr20,31500900,31500971
TRS-GCT6-1,outliers,not found,not found,not found,chr6,26305490,26305573
TRSUP-CTA2-1,outliers,not found,not found,NG_008498,chr3,13792389,13792456
TRSUP-CTA3-1,outliers,not found,not found,NG_008528,chr14,78234495,78234567
TRT-CGT5-1,outliers,not found,not found,not found,chr6,27618356,27618429
TRU-TCA2-1,outliers,not found,not found,NG_000872,chr22,44150657,44150740
TRUND-NNN1-1,outliers,not found,not found,NG_062450,chr6,26749199,26749272
TRUND-NNN3-1,outliers,not found,not found,NG_034183,chr1,161420871,161420943
TRUND-NNN5-1,outliers,not found,not found,NG_032814,chr17,68394816,68394890
TRV-AAC1-3,outliers,not found,not found,not found,chr5,181169610,181169682
TRV-AAC6-1,outliers,not found,not found,not found,chr6,28735429,28735500
TRV-CAC1-2,outliers,not found,not found,not found,chr5,181097070,181097142
TRV-CAC1-3,outliers,not found,not found,not found,chr5,181102253,181102325
TRV-CAC11-1,outliers,not found,not found,NG_008544,chr1,16547665,16547737
TRV-CAC11-2,outliers,not found,not found,NG_008537,chr1,16860198,16860270
TRV-CAC13-1,outliers,not found,not found,NG_008558,chr1,16725566,16725638
TRV-CAC8-1,outliers,not found,not found,not found,chr1,143800041,143800111
TRY-ATA1-1,outliers,not found,not found,not found,chr2,218245826,218245918
TRY-GTA11-1,outliers,not found,not found,NG_008565,chr7,149356654,149356729
VTRNA1-1,outliers,ENST00000363120.1,ENSG00000199990,NR_026703,chr5,140711275,140711373
VTRNA2-1,outliers,ENST00000602301.2,ENSG00000270123,NR_030583,chr5,136080470,136080597
