"gene_name","gene_group","chromosome","start","end","gene_length","flank_length","intergenic_density_1000genomes","intergenic_density_gnomad","intergenic_density_pangenome","intergenic_density_dbsnp","locus_type","gene_type","Gene_group","Gene_Type","source","snp_count","snp_density","flank_count","flank_density","enrichment","enrichment_intergenic","Gene_Type_combined","Gene_group_f","y_num","y_offset","y_pos","q1","q3","iqr","is_outlier"
"RNU1-61P","RNU1","chr6",32549940,32550090,151,15099,0.0213713703515028,0.211868908133809,0.0071013333333333,0.2879,"pseudogene","pseudogene","RNU1","Pseudogene","dbsnp",107,0.708609271523179,7453,0.493608848268097,1.43556841415919,2.46130347871893,"RNU1.Pseudogene","RNU1",15,-0.15,14.85,1.00213202967326,1.39178341245031,0.389651382777046,TRUE
"RNU1-108P","RNU1","chr17",58666537,58666697,161,16099,0.0213713703515028,0.211868908133809,0.0071013333333333,0.2879,"pseudogene","pseudogene","RNU1","Pseudogene","dbsnp",112,0.695652173913043,5941,0.369029132244239,1.88508741757719,2.41629792953471,"RNU1.Pseudogene","RNU1",15,-0.15,14.85,1.00213202967326,1.39178341245031,0.389651382777046,TRUE
"RNU1-152P","RNU1","chr6",32576277,32576423,147,14699,0.0213713703515028,0.211868908133809,0.0071013333333333,0.2879,"pseudogene","pseudogene","RNU1","Pseudogene","dbsnp",91,0.619047619047619,9877,0.67195047282128,0.921269712704359,2.15021750277047,"RNU1.Pseudogene","RNU1",15,-0.15,14.85,1.00213202967326,1.39178341245031,0.389651382777046,TRUE
"RNU1-114P","RNU1","chr1",143652050,143652215,166,16600,0.0213713703515028,0.211868908133809,0.0071013333333333,0.2879,"pseudogene","pseudogene","RNU1","Pseudogene","dbsnp",98,0.590361445783133,7999,0.481867469879518,1.22515314414302,2.05057813748917,"RNU1.Pseudogene","RNU1",15,-0.15,14.85,1.00213202967326,1.39178341245031,0.389651382777046,TRUE
"RNU1-27P","RNU1","chr14",34546714,34546877,164,16400,0.0213713703515028,0.211868908133809,0.0071013333333333,0.2879,"pseudogene","pseudogene","RNU1","Pseudogene","dbsnp",0,0,4916,0.299756097560976,0,0,"RNU1.Pseudogene","RNU1",15,-0.15,14.85,1.00213202967326,1.39178341245031,0.389651382777046,TRUE
"RNU1-28P","RNU1","chr14",34556226,34556389,164,16400,0.0213713703515028,0.211868908133809,0.0071013333333333,0.2879,"pseudogene","pseudogene","RNU1","Pseudogene","dbsnp",0,0,5188,0.316341463414634,0,0,"RNU1.Pseudogene","RNU1",15,-0.15,14.85,1.00213202967326,1.39178341245031,0.389651382777046,TRUE
"RNU2-2","RNU2","chr11",62841619,62841809,191,19099,0.0213713703515028,0.211868908133809,0.0071013333333333,0.2879,"RNA, small nuclear","functional","RNU2","Functional","dbsnp",274,1.43455497382199,8180,0.42829467511388,3.34945787836506,4.98282380625908,"RNU2.Functional","RNU2",14,0.15,14.15,1.83824511716141,2.40824360310293,0.569998485941521,TRUE
"RNU2-63P","RNU2","chr2",88016358,88016547,190,19000,0.0213713703515028,0.211868908133809,0.0071013333333333,0.2879,"pseudogene","pseudogene","RNU2","Pseudogene","dbsnp",227,1.19473684210526,6175,0.325,3.67611336032389,4.14983272700682,"RNU2.Pseudogene","RNU2",14,-0.15,13.85,0.963830882232596,1.34029025778879,0.376459375556189,TRUE
"RNU4-1","RNU4","chr12",120293093,120293237,145,14499,0.0213713703515028,0.211868908133809,0.0071013333333333,0.2879,"RNA, small nuclear","functional","RNU4","Functional","dbsnp",189,1.30344827586207,6692,0.461549072349817,2.82407300533833,4.52743409469284,"RNU4.Functional","RNU4",13,0.15,13.15,1.63651909049617,2.25039014916173,0.613871058665564,TRUE
"RNU4-2","RNU4","chr12",120291759,120291903,145,14499,0.0213713703515028,0.211868908133809,0.0071013333333333,0.2879,"RNA, small nuclear","functional","RNU4","Functional","dbsnp",164,1.13103448275862,6635,0.457617766742534,2.4715703037705,3.9285671509504,"RNU4.Functional","RNU4",13,0.15,13.15,1.63651909049617,2.25039014916173,0.613871058665564,TRUE
"RNU4-86P","RNU4","chr11",126214260,126214478,219,21899,0.0213713703515028,0.211868908133809,0.0071013333333333,0.2879,"pseudogene","pseudogene","RNU4","Pseudogene","dbsnp",141,0.643835616438356,7858,0.358829170281748,1.79426777352807,2.23631683375601,"RNU4.Pseudogene","RNU4",13,-0.15,12.85,0.985369723037205,1.33791311283496,0.352543389797756,TRUE
"RNU5E-6P","RNU5","chr1",44819883,44819997,115,11499,0.0213713703515028,0.211868908133809,0.0071013333333333,0.2879,"pseudogene","pseudogene","RNU5","Pseudogene","dbsnp",142,1.23478260869565,3410,0.296547525871815,4.16386076756343,4.28892882492411,"RNU5.Pseudogene","RNU5",12,-0.15,11.85,0.833622785689476,1.38937130948246,0.555748523792984,TRUE
"RNU5A-8P","RNU5","chr1",210374154,210374267,114,11400,0.0213713703515028,0.211868908133809,0.0071013333333333,0.2879,"pseudogene","pseudogene","RNU5","Pseudogene","dbsnp",136,1.19298245614035,2889,0.253421052631579,4.70751124956732,4.1437389931933,"RNU5.Pseudogene","RNU5",12,-0.15,11.85,0.833622785689476,1.38937130948246,0.555748523792984,TRUE
"RNU5E-4P","RNU5","chr1",11909808,11909927,120,12000,0.0213713703515028,0.211868908133809,0.0071013333333333,0.2879,"pseudogene","pseudogene","RNU5","Pseudogene","dbsnp",136,1.13333333333333,5447,0.453916666666667,2.49678722232421,3.93655204353363,"RNU5.Pseudogene","RNU5",12,-0.15,11.85,0.833622785689476,1.38937130948246,0.555748523792984,TRUE
"RNU6-781P","RNU6","chr12",6709452,6709552,101,10099,0.0213713703515028,0.211868908133809,0.0071013333333333,0.2879,"pseudogene","pseudogene","RNU6","Pseudogene","dbsnp",85,0.841584158415842,4520,0.447569066244183,1.88034478226584,2.92318221054478,"RNU6.Pseudogene","RNU6",11,-0.15,10.85,0.974619221367752,1.33482067313259,0.360201451764836,TRUE
"RNU6-328P","RNU6","chr16",7004007,7004112,106,10600,0.0213713703515028,0.211868908133809,0.0071013333333333,0.2879,"pseudogene","pseudogene","RNU6","Pseudogene","dbsnp",74,0.69811320754717,7603,0.717264150943396,0.973300013152703,2.42484615334203,"RNU6.Pseudogene","RNU6",11,-0.15,10.85,0.974619221367752,1.33482067313259,0.360201451764836,TRUE
"RNU6-1218P","RNU6","chr8",30043801,30043908,108,10800,0.0213713703515028,0.211868908133809,0.0071013333333333,0.2879,"pseudogene","pseudogene","RNU6","Pseudogene","dbsnp",72,0.666666666666667,5114,0.473518518518519,1.40789988267501,2.31561884913743,"RNU6.Pseudogene","RNU6",11,-0.15,10.85,0.974619221367752,1.33482067313259,0.360201451764836,TRUE
"RNU6-457P","RNU6","chr16",6873899,6874005,107,10699,0.0213713703515028,0.211868908133809,0.0071013333333333,0.2879,"pseudogene","pseudogene","RNU6","Pseudogene","dbsnp",71,0.663551401869159,6877,0.64277035236938,1.03233044184937,2.30479820030969,"RNU6.Pseudogene","RNU6",11,-0.15,10.85,0.974619221367752,1.33482067313259,0.360201451764836,TRUE
"RNU6-758P","RNU6","chr16",75286712,75286800,89,8899,0.0213713703515028,0.211868908133809,0.0071013333333333,0.2879,"pseudogene","pseudogene","RNU6","Pseudogene","dbsnp",57,0.640449438202247,3496,0.39285312956512,1.6302515876893,2.2245551865309,"RNU6.Pseudogene","RNU6",11,-0.15,10.85,0.974619221367752,1.33482067313259,0.360201451764836,TRUE
"RNU6-194P","RNU6","chr6",119327281,119327385,105,10499,0.0213713703515028,0.211868908133809,0.0071013333333333,0.2879,"pseudogene","pseudogene","RNU6","Pseudogene","dbsnp",67,0.638095238095238,3745,0.356700638156015,1.78888168351453,2.21637804131726,"RNU6.Pseudogene","RNU6",11,-0.15,10.85,0.974619221367752,1.33482067313259,0.360201451764836,TRUE
"RNU6-36P","RNU6","chr12",97721716,97721822,107,10699,0.0213713703515028,0.211868908133809,0.0071013333333333,0.2879,"pseudogene","pseudogene","RNU6","Pseudogene","dbsnp",66,0.616822429906542,4897,0.457706327694177,1.34763797785789,2.14248846789351,"RNU6.Pseudogene","RNU6",11,-0.15,10.85,0.974619221367752,1.33482067313259,0.360201451764836,TRUE
"RNU6-458P","RNU6","chr14",18343038,18343144,107,10699,0.0213713703515028,0.211868908133809,0.0071013333333333,0.2879,"pseudogene","pseudogene","RNU6","Pseudogene","dbsnp",66,0.616822429906542,6324,0.591083278811104,1.04354572700349,2.14248846789351,"RNU6.Pseudogene","RNU6",11,-0.15,10.85,0.974619221367752,1.33482067313259,0.360201451764836,TRUE
"RNU6-319P","RNU6","chr9",15431899,15432006,108,10800,0.0213713703515028,0.211868908133809,0.0071013333333333,0.2879,"pseudogene","pseudogene","RNU6","Pseudogene","dbsnp",63,0.583333333333333,4738,0.438703703703704,1.32967496834107,2.02616649299525,"RNU6.Pseudogene","RNU6",11,-0.15,10.85,0.974619221367752,1.33482067313259,0.360201451764836,TRUE
"RNU6-34P","RNU6","chr4",96152297,96152403,107,10699,0.0213713703515028,0.211868908133809,0.0071013333333333,0.2879,"pseudogene","pseudogene","RNU6","Pseudogene","dbsnp",62,0.579439252336449,3909,0.365361248714833,1.5859351651951,2.01264068196057,"RNU6.Pseudogene","RNU6",11,-0.15,10.85,0.974619221367752,1.33482067313259,0.360201451764836,TRUE
"RNU6-1077P","RNU6","chr12",130869736,130869837,102,10200,0.0213713703515028,0.211868908133809,0.0071013333333333,0.2879,"pseudogene","pseudogene","RNU6","Pseudogene","dbsnp",59,0.57843137254902,4491,0.440294117647059,1.31373858828769,2.00913988381042,"RNU6.Pseudogene","RNU6",11,-0.15,10.85,0.974619221367752,1.33482067313259,0.360201451764836,TRUE
"RNU6-397P","RNU6","chr8",14487776,14487879,104,10400,0.0213713703515028,0.211868908133809,0.0071013333333333,0.2879,"pseudogene","pseudogene","RNU6","Pseudogene","dbsnp",60,0.576923076923077,4931,0.474134615384615,1.21679172581626,2.00390092713816,"RNU6.Pseudogene","RNU6",11,-0.15,10.85,0.974619221367752,1.33482067313259,0.360201451764836,TRUE
"RNU6-789P","RNU6","chr3",136721394,136721495,102,10200,0.0213713703515028,0.211868908133809,0.0071013333333333,0.2879,"pseudogene","pseudogene","RNU6","Pseudogene","dbsnp",58,0.568627450980392,4136,0.405490196078431,1.40232108317215,1.97508666544075,"RNU6.Pseudogene","RNU6",11,-0.15,10.85,0.974619221367752,1.33482067313259,0.360201451764836,TRUE
"RNU6-437P","RNU6","chr6",107930088,107930182,95,9499,0.0213713703515028,0.211868908133809,0.0071013333333333,0.2879,"pseudogene","pseudogene","RNU6","Pseudogene","dbsnp",54,0.568421052631579,3649,0.384145699547321,1.47970172073099,1.97436975558034,"RNU6.Pseudogene","RNU6",11,-0.15,10.85,0.974619221367752,1.33482067313259,0.360201451764836,TRUE
"RNU6-417P","RNU6","chr7",63011463,63011569,107,10699,0.0213713703515028,0.211868908133809,0.0071013333333333,0.2879,"pseudogene","pseudogene","RNU6","Pseudogene","dbsnp",60,0.560747663551402,5222,0.488082998411066,1.14887768141257,1.9477167889941,"RNU6.Pseudogene","RNU6",11,-0.15,10.85,0.974619221367752,1.33482067313259,0.360201451764836,TRUE
"RNU6-842P","RNU6","chr8",13044350,13044456,107,10699,0.0213713703515028,0.211868908133809,0.0071013333333333,0.2879,"pseudogene","pseudogene","RNU6","Pseudogene","dbsnp",60,0.560747663551402,6036,0.564164875221983,0.993942884747589,1.9477167889941,"RNU6.Pseudogene","RNU6",11,-0.15,10.85,0.974619221367752,1.33482067313259,0.360201451764836,TRUE
"RNU6-513P","RNU6","chr22",42569147,42569250,104,10400,0.0213713703515028,0.211868908133809,0.0071013333333333,0.2879,"pseudogene","pseudogene","RNU6","Pseudogene","dbsnp",58,0.557692307692308,5899,0.567211538461538,0.983217494490592,1.93710422956689,"RNU6.Pseudogene","RNU6",11,-0.15,10.85,0.974619221367752,1.33482067313259,0.360201451764836,TRUE
"RNU6-830P","RNU6","chr1",55398514,55398620,107,10699,0.0213713703515028,0.211868908133809,0.0071013333333333,0.2879,"pseudogene","pseudogene","RNU6","Pseudogene","dbsnp",59,0.551401869158878,3697,0.345546312739508,1.59573940982711,1.91525484251087,"RNU6.Pseudogene","RNU6",11,-0.15,10.85,0.974619221367752,1.33482067313259,0.360201451764836,TRUE
"RNU6-1151P","RNU6","chr8",9287472,9287578,107,10699,0.0213713703515028,0.211868908133809,0.0071013333333333,0.2879,"pseudogene","pseudogene","RNU6","Pseudogene","dbsnp",59,0.551401869158878,5300,0.49537339938312,1.11310350908129,1.91525484251087,"RNU6.Pseudogene","RNU6",11,-0.15,10.85,0.974619221367752,1.33482067313259,0.360201451764836,TRUE
"RNU6-25P","RNU6","chr3",195214787,195214893,107,10699,0.0213713703515028,0.211868908133809,0.0071013333333333,0.2879,"pseudogene","pseudogene","RNU6","Pseudogene","dbsnp",58,0.542056074766355,3857,0.360500981400131,1.5036188602347,1.88279289602763,"RNU6.Pseudogene","RNU6",11,-0.15,10.85,0.974619221367752,1.33482067313259,0.360201451764836,TRUE
"RNU6-473P","RNU6","chr2",130497743,130497849,107,10699,0.0213713703515028,0.211868908133809,0.0071013333333333,0.2879,"pseudogene","pseudogene","RNU6","Pseudogene","dbsnp",13,0.121495327102804,1857,0.17356762314235,0.699988424702691,0.422005304282055,"RNU6.Pseudogene","RNU6",11,-0.15,10.85,0.974619221367752,1.33482067313259,0.360201451764836,TRUE
"RNU6-312P","RNU6","chr2",200881715,200881821,107,10699,0.0213713703515028,0.211868908133809,0.0071013333333333,0.2879,"pseudogene","pseudogene","RNU6","Pseudogene","dbsnp",13,0.121495327102804,2521,0.235629498083933,0.515620192254223,0.422005304282055,"RNU6.Pseudogene","RNU6",11,-0.15,10.85,0.974619221367752,1.33482067313259,0.360201451764836,TRUE
"RNU6-1269P","RNU6","chr9",40233923,40234029,107,10699,0.0213713703515028,0.211868908133809,0.0071013333333333,0.2879,"pseudogene","pseudogene","RNU6","Pseudogene","dbsnp",13,0.121495327102804,1468,0.137209084961211,0.885475820621864,0.422005304282055,"RNU6.Pseudogene","RNU6",11,-0.15,10.85,0.974619221367752,1.33482067313259,0.360201451764836,TRUE
"RNU6-368P","RNU6","chr9",67869947,67870053,107,10699,0.0213713703515028,0.211868908133809,0.0071013333333333,0.2879,"pseudogene","pseudogene","RNU6","Pseudogene","dbsnp",12,0.11214953271028,3866,0.361342181512291,0.310369335351084,0.38954335779882,"RNU6.Pseudogene","RNU6",11,-0.15,10.85,0.974619221367752,1.33482067313259,0.360201451764836,TRUE
"RNU6-816P","RNU6","chr22",15701459,15701565,107,10699,0.0213713703515028,0.211868908133809,0.0071013333333333,0.2879,"pseudogene","pseudogene","RNU6","Pseudogene","dbsnp",11,0.102803738317757,4908,0.458734461164595,0.224102933223652,0.357081411315585,"RNU6.Pseudogene","RNU6",11,-0.15,10.85,0.974619221367752,1.33482067313259,0.360201451764836,TRUE
"RNU6-1235P","RNU6","chr15",21307749,21307855,107,10699,0.0213713703515028,0.211868908133809,0.0071013333333333,0.2879,"pseudogene","pseudogene","RNU6","Pseudogene","dbsnp",10,0.0934579439252336,2418,0.226002430133657,0.413526278765953,0.32461946483235,"RNU6.Pseudogene","RNU6",11,-0.15,10.85,0.974619221367752,1.33482067313259,0.360201451764836,TRUE
"RNU6-631P","RNU6","chr15",21866210,21866316,107,10699,0.0213713703515028,0.211868908133809,0.0071013333333333,0.2879,"pseudogene","pseudogene","RNU6","Pseudogene","dbsnp",9,0.0841121495327102,1642,0.153472287129638,0.548060833039261,0.292157518349115,"RNU6.Pseudogene","RNU6",11,-0.15,10.85,0.974619221367752,1.33482067313259,0.360201451764836,TRUE
"RNU6-18P","RNU6","chr15",32284152,32284258,107,10699,0.0213713703515028,0.211868908133809,0.0071013333333333,0.2879,"pseudogene","pseudogene","RNU6","Pseudogene","dbsnp",6,0.0560747663551401,2453,0.229273763903169,0.244575591208171,0.19477167889941,"RNU6.Pseudogene","RNU6",11,-0.15,10.85,0.974619221367752,1.33482067313259,0.360201451764836,TRUE
"RNU6-1268P","RNU6","chr14",19422815,19422921,107,10699,0.0213713703515028,0.211868908133809,0.0071013333333333,0.2879,"pseudogene","pseudogene","RNU6","Pseudogene","dbsnp",5,0.0467289719626168,4391,0.410412188054958,0.113858636080172,0.162309732416175,"RNU6.Pseudogene","RNU6",11,-0.15,10.85,0.974619221367752,1.33482067313259,0.360201451764836,TRUE
"RNU6-749P","RNU6","chr15",20855251,20855357,107,10699,0.0213713703515028,0.211868908133809,0.0071013333333333,0.2879,"pseudogene","pseudogene","RNU6","Pseudogene","dbsnp",5,0.0467289719626168,1383,0.129264417235256,0.361499111372406,0.162309732416175,"RNU6.Pseudogene","RNU6",11,-0.15,10.85,0.974619221367752,1.33482067313259,0.360201451764836,TRUE
"RNU6-1239P","RNU6","chr14",18978847,18978953,107,10699,0.0213713703515028,0.211868908133809,0.0071013333333333,0.2879,"pseudogene","pseudogene","RNU6","Pseudogene","dbsnp",3,0.02803738317757,4489,0.41957192260959,0.0668237831625801,0.097385839449705,"RNU6.Pseudogene","RNU6",11,-0.15,10.85,0.974619221367752,1.33482067313259,0.360201451764836,TRUE
"RNU6-465P","RNU6","chr1",120126974,120127074,101,10099,0.0213713703515028,0.211868908133809,0.0071013333333333,0.2879,"pseudogene","pseudogene","RNU6","Pseudogene","dbsnp",2,0.0198019801980198,2318,0.229527676007525,0.0862727342622096,0.0687807578951712,"RNU6.Pseudogene","RNU6",11,-0.15,10.85,0.974619221367752,1.33482067313259,0.360201451764836,TRUE
"RNU6-1071P","RNU6","chr1",146288596,146288696,101,10099,0.0213713703515028,0.211868908133809,0.0071013333333333,0.2879,"pseudogene","pseudogene","RNU6","Pseudogene","dbsnp",2,0.0198019801980198,1492,0.147737399742549,0.134034985267964,0.0687807578951712,"RNU6.Pseudogene","RNU6",11,-0.15,10.85,0.974619221367752,1.33482067313259,0.360201451764836,TRUE
"RNU6-785P","RNU6","chr9",138259595,138259698,104,10400,0.0213713703515028,0.211868908133809,0.0071013333333333,0.2879,"pseudogene","pseudogene","RNU6","Pseudogene","dbsnp",1,0.0096153846153846,631,0.0606730769230769,0.158478605388273,0.033398348785636,"RNU6.Pseudogene","RNU6",11,-0.15,10.85,0.974619221367752,1.33482067313259,0.360201451764836,TRUE
"RNU6-1171P","RNU6","chr1",148739379,148739479,101,10099,0.0213713703515028,0.211868908133809,0.0071013333333333,0.2879,"pseudogene","pseudogene","RNU6","Pseudogene","dbsnp",0,0,50,0.0049509852460639,0,0,"RNU6.Pseudogene","RNU6",11,-0.15,10.85,0.974619221367752,1.33482067313259,0.360201451764836,TRUE
"RNU6-1076P","RNU6","chr19",223158,223261,104,10400,0.0213713703515028,0.211868908133809,0.0071013333333333,0.2879,"pseudogene","pseudogene","RNU6","Pseudogene","dbsnp",0,0,2064,0.198461538461538,0,0,"RNU6.Pseudogene","RNU6",11,-0.15,10.85,0.974619221367752,1.33482067313259,0.360201451764836,TRUE
"RNU4ATAC4P","RNU4ATAC","chr1",67267601,67267726,126,12600,0.0213713703515028,0.211868908133809,0.0071013333333333,0.2879,"pseudogene","pseudogene","RNU4ATAC","Pseudogene","dbsnp",24,0.19047619047619,2818,0.223650793650794,0.85166784953868,0.661605385467838,"RNU4ATAC.Pseudogene","RNU4ATAC",10,-0.15,9.85,1.1026756424464,1.35077766199684,0.24810201955044,TRUE
"RN7SL134P","RN7SL","chr16",82844455,82844757,303,30299,0.0213713703515028,0.211868908133809,0.0071013333333333,0.2879,"pseudogene","pseudogene","RN7SL","Pseudogene","dbsnp",220,0.726072607260726,15667,0.517079771609624,1.40417909793788,2.52196112282295,"RN7SL.Pseudogene","RN7SL",6,-0.15,5.85,1.0603096835524,1.34041695126244,0.280107267710037,TRUE
"RN7SL52P","RN7SL","chr21",9902344,9902627,284,28400,0.0213713703515028,0.211868908133809,0.0071013333333333,0.2879,"pseudogene","pseudogene","RN7SL","Pseudogene","dbsnp",193,0.679577464788732,18205,0.641021126760563,1.0601483109036,2.36046358037073,"RN7SL.Pseudogene","RN7SL",6,-0.15,5.85,1.0603096835524,1.34041695126244,0.280107267710037,TRUE
"RN7SL96P","RN7SL","chr2",38936876,38937158,283,28299,0.0213713703515028,0.211868908133809,0.0071013333333333,0.2879,"pseudogene","pseudogene","RN7SL","Pseudogene","dbsnp",176,0.621908127208481,10265,0.362733665500548,1.71450346730373,2.16015327269358,"RN7SL.Pseudogene","RN7SL",6,-0.15,5.85,1.0603096835524,1.34041695126244,0.280107267710037,TRUE
"RN7SL440P","RN7SL","chr1",94150738,94151080,343,34299,0.0213713703515028,0.211868908133809,0.0071013333333333,0.2879,"pseudogene","pseudogene","RN7SL","Pseudogene","dbsnp",211,0.615160349854227,11854,0.345607743665996,1.77993798208623,2.13671535204664,"RN7SL.Pseudogene","RN7SL",6,-0.15,5.85,1.0603096835524,1.34041695126244,0.280107267710037,TRUE
"RN7SL850P","RN7SL","chr16",4633591,4633881,291,29099,0.0213713703515028,0.211868908133809,0.0071013333333333,0.2879,"pseudogene","pseudogene","RN7SL","Pseudogene","dbsnp",178,0.611683848797251,13841,0.475652084264064,1.28599005246378,2.12463997498177,"RN7SL.Pseudogene","RN7SL",6,-0.15,5.85,1.0603096835524,1.34041695126244,0.280107267710037,TRUE
"RN7SL787P","RN7SL","chr9",67791499,67791782,284,28400,0.0213713703515028,0.211868908133809,0.0071013333333333,0.2879,"pseudogene","pseudogene","RN7SL","Pseudogene","dbsnp",169,0.595070422535211,10488,0.369295774647887,1.61136536994661,2.06693443048007,"RN7SL.Pseudogene","RN7SL",6,-0.15,5.85,1.0603096835524,1.34041695126244,0.280107267710037,TRUE
"RN7SL774P","RN7SL","chr17",4364164,4364453,290,29000,0.0213713703515028,0.211868908133809,0.0071013333333333,0.2879,"pseudogene","pseudogene","RN7SL","Pseudogene","dbsnp",172,0.593103448275862,11896,0.410206896551724,1.44586415601883,2.06010228647399,"RN7SL.Pseudogene","RN7SL",6,-0.15,5.85,1.0603096835524,1.34041695126244,0.280107267710037,TRUE
"RN7SL429P","RN7SL","chr15",74072454,74072676,223,22299,0.0213713703515028,0.211868908133809,0.0071013333333333,0.2879,"pseudogene","pseudogene","RN7SL","Pseudogene","dbsnp",131,0.587443946188341,7806,0.350060540831427,1.67812100385009,2.0404444119081,"RN7SL.Pseudogene","RN7SL",6,-0.15,5.85,1.0603096835524,1.34041695126244,0.280107267710037,TRUE
"RN7SL381P","RN7SL","chr16",85659378,85659675,298,29800,0.0213713703515028,0.211868908133809,0.0071013333333333,0.2879,"pseudogene","pseudogene","RN7SL","Pseudogene","dbsnp",175,0.587248322147651,18102,0.60744966442953,0.966744006187162,2.03976492583415,"RN7SL.Pseudogene","RN7SL",6,-0.15,5.85,1.0603096835524,1.34041695126244,0.280107267710037,TRUE
"RN7SL759P","RN7SL","chr15",20570886,20571175,290,29000,0.0213713703515028,0.211868908133809,0.0071013333333333,0.2879,"pseudogene","pseudogene","RN7SL","Pseudogene","dbsnp",170,0.586206896551724,10915,0.376379310344828,1.55748969308291,2.03614760872429,"RN7SL.Pseudogene","RN7SL",6,-0.15,5.85,1.0603096835524,1.34041695126244,0.280107267710037,TRUE
"RN7SL318P","RN7SL","chr8",5142411,5142707,297,29699,0.0213713703515028,0.211868908133809,0.0071013333333333,0.2879,"pseudogene","pseudogene","RN7SL","Pseudogene","dbsnp",172,0.579124579124579,16487,0.555136536583723,1.04321106783653,2.01154768712949,"RN7SL.Pseudogene","RN7SL",6,-0.15,5.85,1.0603096835524,1.34041695126244,0.280107267710037,TRUE
"RN7SL275P","RN7SL","chr4",110117736,110118070,335,33499,0.0213713703515028,0.211868908133809,0.0071013333333333,0.2879,"pseudogene","pseudogene","RN7SL","Pseudogene","dbsnp",191,0.570149253731343,7147,0.213349652228425,2.67237020438593,1.98037253814291,"RN7SL.Pseudogene","RN7SL",6,-0.15,5.85,1.0603096835524,1.34041695126244,0.280107267710037,TRUE
"RN7SL5P","RN7SL","chr9",9442060,9442380,321,32099,0.0213713703515028,0.211868908133809,0.0071013333333333,0.2879,"pseudogene","pseudogene","RN7SL","Pseudogene","dbsnp",183,0.570093457943925,15167,0.472506931680115,1.20652930088627,1.98017873547734,"RN7SL.Pseudogene","RN7SL",6,-0.15,5.85,1.0603096835524,1.34041695126244,0.280107267710037,TRUE
"RN7SL417P","RN7SL","chr15",84394072,84394336,265,26499,0.0213713703515028,0.211868908133809,0.0071013333333333,0.2879,"pseudogene","pseudogene","RN7SL","Pseudogene","dbsnp",151,0.569811320754717,14855,0.560587191969508,1.01645440516185,1.97919875218728,"RN7SL.Pseudogene","RN7SL",6,-0.15,5.85,1.0603096835524,1.34041695126244,0.280107267710037,TRUE
"RN7SL584P","RN7SL","chr15",20095733,20096029,297,29699,0.0213713703515028,0.211868908133809,0.0071013333333333,0.2879,"pseudogene","pseudogene","RN7SL","Pseudogene","dbsnp",168,0.565656565656566,11433,0.384962456648372,1.46938111986656,1.96476750835903,"RN7SL.Pseudogene","RN7SL",6,-0.15,5.85,1.0603096835524,1.34041695126244,0.280107267710037,TRUE
"RN7SL524P","RN7SL","chr10",103974515,103974814,300,30000,0.0213713703515028,0.211868908133809,0.0071013333333333,0.2879,"pseudogene","pseudogene","RN7SL","Pseudogene","dbsnp",167,0.556666666666667,10409,0.346966666666667,1.60438082428668,1.93354173902976,"RN7SL.Pseudogene","RN7SL",6,-0.15,5.85,1.0603096835524,1.34041695126244,0.280107267710037,TRUE
"RN7SL123P","RN7SL","chr9",6661651,6661942,292,29200,0.0213713703515028,0.211868908133809,0.0071013333333333,0.2879,"pseudogene","pseudogene","RN7SL","Pseudogene","dbsnp",161,0.551369863013699,13768,0.471506849315068,1.16937826844858,1.91514367146127,"RN7SL.Pseudogene","RN7SL",6,-0.15,5.85,1.0603096835524,1.34041695126244,0.280107267710037,TRUE
"RN7SL317P","RN7SL","chr19",53629713,53630041,329,32899,0.0213713703515028,0.211868908133809,0.0071013333333333,0.2879,"pseudogene","pseudogene","RN7SL","Pseudogene","dbsnp",175,0.531914893617021,12611,0.383324721116143,1.38763524582558,1.84756823069476,"RN7SL.Pseudogene","RN7SL",6,-0.15,5.85,1.0603096835524,1.34041695126244,0.280107267710037,TRUE
"RN7SL92P","RN7SL","chr3",75713012,75713314,303,30299,0.0213713703515028,0.211868908133809,0.0071013333333333,0.2879,"pseudogene","pseudogene","RN7SL","Pseudogene","dbsnp",161,0.531353135313531,16144,0.532822865441104,0.997241615886068,1.84561700352043,"RN7SL.Pseudogene","RN7SL",6,-0.15,5.85,1.0603096835524,1.34041695126244,0.280107267710037,TRUE
"RN7SL484P","RN7SL","chr15",99791209,99791410,202,20200,0.0213713703515028,0.211868908133809,0.0071013333333333,0.2879,"pseudogene","pseudogene","RN7SL","Pseudogene","dbsnp",105,0.51980198019802,8391,0.41539603960396,1.25134072220236,1.80549489474824,"RN7SL.Pseudogene","RN7SL",6,-0.15,5.85,1.0603096835524,1.34041695126244,0.280107267710037,TRUE
"RN7SL525P","RN7SL","chr19",58543299,58543578,280,28000,0.0213713703515028,0.211868908133809,0.0071013333333333,0.2879,"pseudogene","pseudogene","RN7SL","Pseudogene","dbsnp",145,0.517857142857143,13389,0.478178571428571,1.08297856449324,1.79873964174068,"RN7SL.Pseudogene","RN7SL",6,-0.15,5.85,1.0603096835524,1.34041695126244,0.280107267710037,TRUE
"RN7SL178P","RN7SL","chr8",8582352,8582655,304,30400,0.0213713703515028,0.211868908133809,0.0071013333333333,0.2879,"pseudogene","pseudogene","RN7SL","Pseudogene","dbsnp",157,0.516447368421053,13996,0.460394736842105,1.12174907116319,1.79384289135482,"RN7SL.Pseudogene","RN7SL",6,-0.15,5.85,1.0603096835524,1.34041695126244,0.280107267710037,TRUE
"RN7SL592P","RN7SL","chr9",2228961,2229241,281,28099,0.0213713703515028,0.211868908133809,0.0071013333333333,0.2879,"pseudogene","pseudogene","RN7SL","Pseudogene","dbsnp",144,0.512455516014235,13587,0.483540339513862,1.05979889191757,1.77997747834052,"RN7SL.Pseudogene","RN7SL",6,-0.15,5.85,1.0603096835524,1.34041695126244,0.280107267710037,TRUE
"RN7SL65P","RN7SL","chr2",174240143,174240457,315,31499,0.0213713703515028,0.211868908133809,0.0071013333333333,0.2879,"pseudogene","pseudogene","RN7SL","Pseudogene","dbsnp",58,0.184126984126984,7286,0.231308930442236,0.79602194249463,0.63955187261891,"RN7SL.Pseudogene","RN7SL",6,-0.15,5.85,1.0603096835524,1.34041695126244,0.280107267710037,TRUE
"RN7SL321P","RN7SL","chr3",48379834,48380132,299,29899,0.0213713703515028,0.211868908133809,0.0071013333333333,0.2879,"pseudogene","pseudogene","RN7SL","Pseudogene","dbsnp",54,0.180602006688963,6570,0.219739790628449,0.821890319329271,0.627308116321512,"RN7SL.Pseudogene","RN7SL",6,-0.15,5.85,1.0603096835524,1.34041695126244,0.280107267710037,TRUE
"RN7SL753P","RN7SL","chr2",202333439,202333728,290,29000,0.0213713703515028,0.211868908133809,0.0071013333333333,0.2879,"pseudogene","pseudogene","RN7SL","Pseudogene","dbsnp",52,0.179310344827586,6694,0.230827586206897,0.776815058261129,0.622821621492137,"RN7SL.Pseudogene","RN7SL",6,-0.15,5.85,1.0603096835524,1.34041695126244,0.280107267710037,TRUE
"RN7SL517P","RN7SL","chr3",43314951,43315255,305,30499,0.0213713703515028,0.211868908133809,0.0071013333333333,0.2879,"pseudogene","pseudogene","RN7SL","Pseudogene","dbsnp",53,0.173770491803279,6827,0.223843404701794,0.776303827377794,0.603579339365331,"RN7SL.Pseudogene","RN7SL",6,-0.15,5.85,1.0603096835524,1.34041695126244,0.280107267710037,TRUE
"RN7SL311P","RN7SL","chr4",139185441,139185746,306,30600,0.0213713703515028,0.211868908133809,0.0071013333333333,0.2879,"pseudogene","pseudogene","RN7SL","Pseudogene","dbsnp",48,0.156862745098039,7456,0.243660130718954,0.643776824034335,0.54485149391469,"RN7SL.Pseudogene","RN7SL",6,-0.15,5.85,1.0603096835524,1.34041695126244,0.280107267710037,TRUE
"RN7SL717P","RN7SL","chr2",199901081,199901377,297,29699,0.0213713703515028,0.211868908133809,0.0071013333333333,0.2879,"pseudogene","pseudogene","RN7SL","Pseudogene","dbsnp",46,0.154882154882155,6668,0.224519344085659,0.689838799916784,0.537972055860211,"RN7SL.Pseudogene","RN7SL",6,-0.15,5.85,1.0603096835524,1.34041695126244,0.280107267710037,TRUE
"RN7SL331P","RN7SL","chr15",84205454,84205700,247,24699,0.0213713703515028,0.211868908133809,0.0071013333333333,0.2879,"pseudogene","pseudogene","RN7SL","Pseudogene","dbsnp",22,0.0890688259109311,4970,0.201222721567675,0.442638014320742,0.309374178224839,"RN7SL.Pseudogene","RN7SL",6,-0.15,5.85,1.0603096835524,1.34041695126244,0.280107267710037,TRUE
"RN7SL722P","RN7SL","chr9",61789143,61789426,284,28400,0.0213713703515028,0.211868908133809,0.0071013333333333,0.2879,"pseudogene","pseudogene","RN7SL","Pseudogene","dbsnp",9,0.0316901408450704,3006,0.105845070422535,0.29940119760479,0.110073431208998,"RN7SL.Pseudogene","RN7SL",6,-0.15,5.85,1.0603096835524,1.34041695126244,0.280107267710037,TRUE
"RN7SL640P","RN7SL","chr9",39191100,39191360,261,26099,0.0213713703515028,0.211868908133809,0.0071013333333333,0.2879,"pseudogene","pseudogene","RN7SL","Pseudogene","dbsnp",4,0.0153256704980842,2302,0.0882026131269397,0.173755288587968,0.0532326172215501,"RN7SL.Pseudogene","RN7SL",6,-0.15,5.85,1.0603096835524,1.34041695126244,0.280107267710037,TRUE
"RN7SL656P","RN7SL","chr17",46319679,46319959,281,28099,0.0213713703515028,0.211868908133809,0.0071013333333333,0.2879,"pseudogene","pseudogene","RN7SL","Pseudogene","dbsnp",3,0.0106761565836298,6218,0.221289013843909,0.0482453077908357,0.0370828641320941,"RN7SL.Pseudogene","RN7SL",6,-0.15,5.85,1.0603096835524,1.34041695126244,0.280107267710037,TRUE
"RN7SL544P","RN7SL","chr9",62363581,62363864,284,28400,0.0213713703515028,0.211868908133809,0.0071013333333333,0.2879,"pseudogene","pseudogene","RN7SL","Pseudogene","dbsnp",3,0.0105633802816901,3662,0.128943661971831,0.0819224467504096,0.0366911437363325,"RN7SL.Pseudogene","RN7SL",6,-0.15,5.85,1.0603096835524,1.34041695126244,0.280107267710037,TRUE
"RN7SL199P","RN7SL","chr17",46537534,46537814,281,28099,0.0213713703515028,0.211868908133809,0.0071013333333333,0.2879,"pseudogene","pseudogene","RN7SL","Pseudogene","dbsnp",2,0.0071174377224199,9622,0.342432115021887,0.0207849597341797,0.024721909421396,"RN7SL.Pseudogene","RN7SL",6,-0.15,5.85,1.0603096835524,1.34041695126244,0.280107267710037,TRUE
"RN7SL763P","RN7SL","chr9",39886861,39887144,284,28400,0.0213713703515028,0.211868908133809,0.0071013333333333,0.2879,"pseudogene","pseudogene","RN7SL","Pseudogene","dbsnp",2,0.0070422535211267,2821,0.0993309859154929,0.0708968450903934,0.0244607624908883,"RN7SL.Pseudogene","RN7SL",6,-0.15,5.85,1.0603096835524,1.34041695126244,0.280107267710037,TRUE
"TRS-ACT1-1","TRNA","chr6",27293892,27293965,74,7400,0.0213713703515028,0.211868908133809,0.0071013333333333,0.2879,"pseudogene","pseudogene","TRNA","Pseudogene","dbsnp",72,0.972972972972973,2744,0.370810810810811,2.62390670553936,3.37955183387625,"TRNA.Pseudogene","TRNA",5,-0.15,4.85,1.03702020986523,1.42000537863399,0.38298516876876,TRUE
"TRA-TGC9-1","TRNA","chr6",28634082,28634153,72,7200,0.0213713703515028,0.211868908133809,0.0071013333333333,0.2879,"pseudogene","pseudogene","TRNA","Pseudogene","dbsnp",64,0.888888888888889,2544,0.353333333333333,2.51572327044025,3.08749179884991,"TRNA.Pseudogene","TRNA",5,-0.15,4.85,1.03702020986523,1.42000537863399,0.38298516876876,TRUE
"TRV-CAC11-2","TRNA","chr1",16860198,16860270,73,7299,0.0213713703515028,0.211868908133809,0.0071013333333333,0.2879,"pseudogene","pseudogene","TRNA","Pseudogene","dbsnp",63,0.863013698630137,2518,0.344978764214276,2.50164296517131,2.99761618141763,"TRNA.Pseudogene","TRNA",5,-0.15,4.85,1.03702020986523,1.42000537863399,0.38298516876876,TRUE
"TRV-CAC11-1","TRNA","chr1",16547665,16547737,73,7299,0.0213713703515028,0.211868908133809,0.0071013333333333,0.2879,"pseudogene","pseudogene","TRNA","Pseudogene","dbsnp",54,0.73972602739726,2821,0.386491300178107,1.91395259623276,2.56938529835797,"TRNA.Pseudogene","TRNA",5,-0.15,4.85,1.03702020986523,1.42000537863399,0.38298516876876,TRUE
"TRK-CTT14-1","TRNA","chr16",3196153,3196225,73,7299,0.0213713703515028,0.211868908133809,0.0071013333333333,0.2879,"pseudogene","pseudogene","TRNA","Pseudogene","dbsnp",51,0.698630136986301,3466,0.474859569804083,1.47123524808512,2.42664167067142,"TRNA.Pseudogene","TRNA",5,-0.15,4.85,1.03702020986523,1.42000537863399,0.38298516876876,TRUE
"TRE-TTC6-1","TRNA","chr1",148308922,148308993,72,7200,0.0213713703515028,0.211868908133809,0.0071013333333333,0.2879,"pseudogene","pseudogene","TRNA","Pseudogene","dbsnp",48,0.666666666666667,1868,0.259444444444444,2.56959314775161,2.31561884913743,"TRNA.Pseudogene","TRNA",5,-0.15,4.85,1.03702020986523,1.42000537863399,0.38298516876876,TRUE
"TRE-TTC7-1","TRNA","chr1",143666988,143667059,72,7200,0.0213713703515028,0.211868908133809,0.0071013333333333,0.2879,"pseudogene","pseudogene","TRNA","Pseudogene","dbsnp",46,0.638888888888889,3379,0.469305555555555,1.36134951168985,2.21913473042337,"TRNA.Pseudogene","TRNA",5,-0.15,4.85,1.03702020986523,1.42000537863399,0.38298516876876,TRUE
"TRP-AGG6-1","TRNA","chr16",3152608,3152679,72,7200,0.0213713703515028,0.211868908133809,0.0071013333333333,0.2879,"pseudogene","pseudogene","TRNA","Pseudogene","dbsnp",44,0.611111111111111,3585,0.497916666666667,1.22733612273361,2.12265061170931,"TRNA.Pseudogene","TRNA",5,-0.15,4.85,1.03702020986523,1.42000537863399,0.38298516876876,TRUE
"RN7SKP261","RN7SK","chr12",80343515,80343792,278,27800,0.0213713703515028,0.211868908133809,0.0071013333333333,0.2879,"pseudogene","pseudogene","RN7SK","Pseudogene","dbsnp",194,0.697841726618705,9840,0.353956834532374,1.97154471544715,2.42390318380933,"RN7SK.Pseudogene","RN7SK",4,-0.15,3.85,1.07108514445481,1.31761159633737,0.246526451882563,TRUE
"RN7SKP159","RN7SK","chr8",5910945,5911236,292,29200,0.0213713703515028,0.211868908133809,0.0071013333333333,0.2879,"pseudogene","pseudogene","RN7SK","Pseudogene","dbsnp",177,0.606164383561644,17303,0.592568493150685,1.02294399815061,2.10546850837667,"RN7SK.Pseudogene","RN7SK",4,-0.15,3.85,1.07108514445481,1.31761159633737,0.246526451882563,TRUE
"RN7SKP80","RN7SK","chr22",42565048,42565330,283,28299,0.0213713703515028,0.211868908133809,0.0071013333333333,0.2879,"pseudogene","pseudogene","RN7SK","Pseudogene","dbsnp",169,0.597173144876325,13602,0.480653026608714,1.24242044014521,2.07423808571145,"RN7SK.Pseudogene","RN7SK",4,-0.15,3.85,1.07108514445481,1.31761159633737,0.246526451882563,TRUE
"RN7SKP176","RN7SK","chr16",81961926,81962243,318,31800,0.0213713703515028,0.211868908133809,0.0071013333333333,0.2879,"pseudogene","pseudogene","RN7SK","Pseudogene","dbsnp",188,0.591194968553459,15602,0.49062893081761,1.20497372131778,2.0534733190464,"RN7SK.Pseudogene","RN7SK",4,-0.15,3.85,1.07108514445481,1.31761159633737,0.246526451882563,TRUE
"RN7SKP64","RN7SK","chr5",139333038,139333365,328,32800,0.0213713703515028,0.211868908133809,0.0071013333333333,0.2879,"pseudogene","pseudogene","RN7SK","Pseudogene","dbsnp",172,0.524390243902439,13629,0.415518292682927,1.26201482133686,1.82143189962639,"RN7SK.Pseudogene","RN7SK",4,-0.15,3.85,1.07108514445481,1.31761159633737,0.246526451882563,TRUE
"RN7SKP111","RN7SK","chr20",11818821,11819091,271,27099,0.0213713703515028,0.211868908133809,0.0071013333333333,0.2879,"pseudogene","pseudogene","RN7SK","Pseudogene","dbsnp",139,0.512915129151292,10091,0.372375364404591,1.37741423891298,1.78157391160574,"RN7SK.Pseudogene","RN7SK",4,-0.15,3.85,1.07108514445481,1.31761159633737,0.246526451882563,TRUE
"RN7SKP141","RN7SK","chr2",136390332,136390669,338,33800,0.0213713703515028,0.211868908133809,0.0071013333333333,0.2879,"pseudogene","pseudogene","RN7SK","Pseudogene","dbsnp",67,0.198224852071006,7914,0.23414201183432,0.846600960323478,0.688519805734651,"RN7SK.Pseudogene","RN7SK",4,-0.15,3.85,1.07108514445481,1.31761159633737,0.246526451882563,TRUE
"RN7SKP83","RN7SK","chr2",85820435,85820612,178,17800,0.0213713703515028,0.211868908133809,0.0071013333333333,0.2879,"pseudogene","pseudogene","RN7SK","Pseudogene","dbsnp",35,0.196629213483146,4036,0.226741573033708,0.867195242814668,0.682977469548962,"RN7SK.Pseudogene","RN7SK",4,-0.15,3.85,1.07108514445481,1.31761159633737,0.246526451882563,TRUE
"RN7SKP283","RN7SK","chr2",229236340,229236609,270,27000,0.0213713703515028,0.211868908133809,0.0071013333333333,0.2879,"pseudogene","pseudogene","RN7SK","Pseudogene","dbsnp",53,0.196296296296296,6031,0.22337037037037,0.878792903332781,0.681821105579355,"RN7SK.Pseudogene","RN7SK",4,-0.15,3.85,1.07108514445481,1.31761159633737,0.246526451882563,TRUE
"RN7SKP88","RN7SK","chr1",148839483,148839732,250,25000,0.0213713703515028,0.211868908133809,0.0071013333333333,0.2879,"pseudogene","pseudogene","RN7SK","Pseudogene","dbsnp",48,0.192,7309,0.29236,0.656724586126693,0.66689822855158,"RN7SK.Pseudogene","RN7SK",4,-0.15,3.85,1.07108514445481,1.31761159633737,0.246526451882563,TRUE
"RN7SKP12","RN7SK","chr1",242188647,242188789,143,14299,0.0213713703515028,0.211868908133809,0.0071013333333333,0.2879,"pseudogene","pseudogene","RN7SK","Pseudogene","dbsnp",27,0.188811188811189,3507,0.245261906427023,0.769834955463698,0.655822121608853,"RN7SK.Pseudogene","RN7SK",4,-0.15,3.85,1.07108514445481,1.31761159633737,0.246526451882563,TRUE
"RN7SKP126","RN7SK","chr1",192875686,192875985,300,30000,0.0213713703515028,0.211868908133809,0.0071013333333333,0.2879,"pseudogene","pseudogene","RN7SK","Pseudogene","dbsnp",56,0.186666666666667,6428,0.214266666666667,0.871188550093342,0.648373277758481,"RN7SK.Pseudogene","RN7SK",4,-0.15,3.85,1.07108514445481,1.31761159633737,0.246526451882563,TRUE
"RN7SKP260","RN7SK","chr2",206260066,206260214,149,14899,0.0213713703515028,0.211868908133809,0.0071013333333333,0.2879,"pseudogene","pseudogene","RN7SK","Pseudogene","dbsnp",26,0.174496644295302,3663,0.245855426538694,0.709753072169179,0.606101577962147,"RN7SK.Pseudogene","RN7SK",4,-0.15,3.85,1.07108514445481,1.31761159633737,0.246526451882563,TRUE
"RN7SKP49","RN7SK","chr1",224107282,224107541,260,26000,0.0213713703515028,0.211868908133809,0.0071013333333333,0.2879,"pseudogene","pseudogene","RN7SK","Pseudogene","dbsnp",45,0.173076923076923,6246,0.240230769230769,0.720461095100865,0.601170278141449,"RN7SK.Pseudogene","RN7SK",4,-0.15,3.85,1.07108514445481,1.31761159633737,0.246526451882563,TRUE
"RN7SKP179","RN7SK","chr2",190553264,190553480,217,21699,0.0213713703515028,0.211868908133809,0.0071013333333333,0.2879,"pseudogene","pseudogene","RN7SK","Pseudogene","dbsnp",36,0.165898617511521,4414,0.203419512419927,0.815549184726436,0.576236948633278,"RN7SK.Pseudogene","RN7SK",4,-0.15,3.85,1.07108514445481,1.31761159633737,0.246526451882563,TRUE
"RN7SKP131","RN7SK","chr22",18605802,18606102,301,30099,0.0213713703515028,0.211868908133809,0.0071013333333333,0.2879,"pseudogene","pseudogene","RN7SK","Pseudogene","dbsnp",48,0.159468438538206,7338,0.243795474932722,0.654107458648332,0.553902183182376,"RN7SK.Pseudogene","RN7SK",4,-0.15,3.85,1.07108514445481,1.31761159633737,0.246526451882563,TRUE
"RNU7-1","RNU7","chr12",6943816,6943878,63,6299,0.0213713703515028,0.211868908133809,0.0071013333333333,0.2879,"RNA, small nuclear","functional","RNU7","Functional","dbsnp",101,1.6031746031746,3231,0.512938561676457,3.12547100755086,5.5685119943543,"RNU7.Functional","RNU7",3,0.15,3.15,1.39547251110702,1.6180993951053,0.222626883998275,TRUE
"SNORA70","RNU7","chrX",154400281,154400415,135,13499,0.0213713703515028,0.211868908133809,0.0071013333333333,0.2879,"RNA, small nucleolar","functional","RNU7","Functional","dbsnp",37,0.274074074074074,4374,0.324024001777909,0.845844976206202,0.951976637978722,"RNU7.Functional","RNU7",3,0.15,3.15,1.39547251110702,1.6180993951053,0.222626883998275,TRUE
"RNY4P16","RNY","chr1",234837976,234838069,94,9400,0.0213713703515028,0.211868908133809,0.0071013333333333,0.2879,"pseudogene","pseudogene","RNY","Pseudogene","dbsnp",16,0.170212765957447,2199,0.233936170212766,0.727603456116417,0.591221833822323,"RNY.Pseudogene","RNY",2,-0.15,1.85,1.02391836143343,1.2923502905988,0.268431929165366,TRUE
"RNY3P16","RNY","chrX",119456558,119456658,101,10099,0.0213713703515028,0.211868908133809,0.0071013333333333,0.2879,"pseudogene","pseudogene","RNY","Pseudogene","dbsnp",17,0.168316831683168,3035,0.300524804436083,0.560076337123004,0.584636442108956,"RNY.Pseudogene","RNY",2,-0.15,1.85,1.02391836143343,1.2923502905988,0.268431929165366,TRUE
